Transaction ID,Date,Customer ID,Product ID,Product Name,Product Category,Purchase Amount,Stockout Incident
a8931d0c-9da8-45d7-b090-90c4da700ac5,2023-03-14,2725,88,character,Electronics,423.77,1
08219417-3889-463c-9821-860fb45ccfdc,2023-03-07,2071,81,also,Home Appliances,29.84,1
b50db0f3-6b3b-4a91-ad7b-8d8794d9be8c,2022-11-18,8702,77,discuss,Clothing,208.42,1
18058c50-a62b-40fd-ba81-8e59895598ee,2023-07-28,2444,58,baby,Clothing,185.44,0
009cdc71-af19-497b-a815-35c450751d00,2023-03-01,6130,72,money,Clothing,148.1,0
8ffc4884-ce48-44f4-9c01-17b53d7ec73c,2022-12-07,5407,40,raise,Electronics,313.0,0
d62a9fe3-0b7c-4f76-a1b2-a603e0eb937a,2023-03-02,7941,93,oil,Electronics,161.97,0
e39e8553-cddf-43e2-b2b1-720184035a2b,2022-12-26,7190,48,draw,Clothing,450.43,1
fbfe056f-24ab-45b7-8f71-e6642ccad050,2023-02-05,5011,21,political,Electronics,241.35,1
007b088a-5308-4e5d-8757-83fce0334da1,2023-01-19,1692,11,parent,Electronics,222.74,0
83f0ad50-c0bd-4a30-8176-76e6f5763c3d,2023-03-21,4273,7,with,Clothing,483.64,1
2aff570b-de4b-4ac0-97ab-cea79b18f15f,2022-09-14,6723,23,other,Groceries,434.0,0
3d1f00fb-6aee-463a-abe0-4d2b57b50df1,2023-03-15,9193,5,first,Groceries,404.46,0
1ceb868c-cf51-4d58-9339-8068798f1383,2022-10-17,4801,78,account,Home Appliances,55.7,0
3313b55d-ad9e-45c7-bc19-bfa32461ebbe,2022-09-26,1764,44,suggest,Electronics,309.83,0
308a3648-ed9d-4a02-896b-e14507b1d6b2,2022-11-22,4889,21,food,Home Appliances,367.84,0
a08584e5-4c72-40fe-a9ec-6dee1121d27c,2023-07-30,6863,19,account,Groceries,103.62,0
b5074b66-974d-4e34-925e-c910bb9bb6fd,2023-01-12,9204,59,military,Clothing,126.92,1
3c9b07f5-0c2a-4db8-9730-aa31ec3fbc93,2022-11-14,8414,77,reveal,Home Appliances,54.7,1
e81247f9-3ed6-4c6c-a94e-87c3e36b86d6,2023-08-08,9981,77,back,Electronics,63.44,1
d3b76aaf-a5f8-4c6e-82f2-43c7e8c42f2e,2022-11-28,1002,21,talk,Clothing,356.22,1
c8fae321-2d75-4ecd-ac45-0d364798f1a4,2022-11-01,2124,70,idea,Home Appliances,409.09,0
2e58ca94-dd52-4d26-ac99-6434b8405fcc,2023-04-19,1413,40,newspaper,Home Appliances,482.28,1
70778eff-90f9-4057-9900-76d07eed6add,2023-01-07,6967,79,against,Clothing,228.04,1
fb5fd65f-6c41-4e47-befc-382db4bd3f29,2023-02-24,7815,48,seat,Groceries,165.35,1
b460d6d1-74a7-4d7d-b24e-e9720f482593,2022-11-26,2310,26,land,Groceries,100.1,0
565f1385-5a56-41d9-b37d-1894e17d965e,2023-05-09,7070,71,mission,Electronics,310.26,1
3007d347-5144-4fa6-9309-e1c9057edbe2,2023-08-03,5752,92,chair,Home Appliances,243.5,0
a02320f0-54c5-462d-a385-43451152604b,2023-02-26,2003,58,rather,Groceries,439.62,0
32668746-0e51-4d2b-9194-b6bb5145b59d,2023-04-08,9713,22,trouble,Groceries,450.1,1
4417100f-cb77-4c85-b986-d549d10362bc,2022-09-13,9174,16,north,Groceries,420.55,1
21a4d15f-edaf-459c-9db7-a0f9e7f224ca,2023-02-15,5859,49,marriage,Clothing,265.68,0
64d7e114-957e-4584-9cbb-d19741759525,2023-05-05,9103,27,traditional,Clothing,448.57,1
3806bb01-4ee8-4326-a922-47b92c21121e,2023-02-27,4248,94,assume,Clothing,294.05,1
28fda63d-4cc0-4936-ae45-498a55f473c7,2023-03-30,4438,23,movie,Home Appliances,333.52,1
c0ed6138-78da-468a-8f13-e360c90d2831,2023-05-24,9668,58,exactly,Groceries,50.36,0
4509523a-edc9-4b9a-af8e-0dd8f3b832f0,2023-06-30,4503,70,television,Groceries,248.36,1
aacd8a51-9da9-4186-9fb0-717cf8a2aa8d,2023-07-29,8701,7,break,Groceries,424.09,0
fd9ced17-ff8e-4822-93c9-e35ef82e66a3,2023-03-09,1152,47,enter,Home Appliances,368.43,0
961cefb1-e6bb-4b91-ac4f-a4ddac616444,2023-04-01,7483,10,discover,Electronics,192.31,1
cd56451a-8eec-4950-9db5-e710fa437a95,2023-07-11,9089,65,past,Home Appliances,218.8,0
8d9a64e6-61ee-4730-b8df-67abb114d5c0,2022-09-21,3035,56,lead,Clothing,393.73,0
78156a2a-0edb-4310-9aa9-fc0b6d2eab8f,2023-06-27,8859,62,answer,Electronics,32.16,0
b11414d4-6f15-4cd8-8ea4-99dcc4df1ce8,2022-12-12,8750,18,policy,Electronics,23.08,0
5cc6d666-87e7-48b6-8fce-3237bb8e1af9,2023-01-29,2562,6,challenge,Clothing,307.11,0
b4c5f35f-c58d-44a7-97bd-74b3e7bb3ab5,2023-04-22,6114,30,American,Electronics,201.69,0
e7b066d5-f382-41ab-ac3e-6e7658fc00e7,2023-01-24,1738,5,nature,Groceries,27.83,0
a70ef131-be99-429b-9e4f-cacae9db8e20,2023-07-21,7558,45,protect,Groceries,480.91,0
c636872c-66b1-4085-826e-6b1a1dc73fa2,2023-01-17,5041,100,discover,Groceries,244.82,0
829797b0-3954-40d8-96bb-a495c499d2f9,2023-02-11,6964,51,first,Home Appliances,469.11,1
82285f8b-5e89-48e5-b30e-ca4246d89227,2023-01-06,7486,7,special,Electronics,314.09,0
6acb8ed5-ad63-4dae-9702-eb391d5d32d9,2022-12-26,4279,15,claim,Groceries,118.21,1
77409407-7c9a-4354-afc9-4751684c6321,2023-01-13,8921,52,agent,Electronics,181.64,0
5a3c38de-8a8e-4836-928a-bdf15b22d5c3,2022-11-26,1429,8,success,Clothing,256.78,0
19d0e4f7-feba-4387-9669-dd4488e8ddcd,2023-01-29,9004,75,wear,Groceries,352.67,0
81bbbe58-c9ca-41c7-8522-02616bc21382,2023-07-12,9753,20,people,Electronics,137.47,1
a3cac7ec-d2fc-45e2-a4ca-eca19282e607,2022-10-04,2357,82,blue,Home Appliances,420.78,0
cc864cec-1f83-4174-8ec7-3991ec068ab3,2023-04-02,3288,69,prove,Electronics,351.87,0
b85a1e7e-b049-46a2-8a2e-34a6c06beac6,2023-01-30,5473,4,animal,Home Appliances,396.44,0
7dfaea08-99ec-4d6b-8937-62b9a9eeded7,2023-04-15,6739,19,beyond,Clothing,177.73,0
9ecd72f7-dd61-4b14-aa43-9518aa1fb0f9,2023-03-22,3858,11,maybe,Home Appliances,302.43,0
da03a3d6-16db-4a9e-a2d1-116ef31b66b9,2023-01-03,2064,35,about,Electronics,16.47,1
4cdbe606-5931-4d9e-870b-109a41f03156,2022-11-29,4173,13,catch,Electronics,451.05,1
0bb005b2-e9a0-4425-928a-868ecbaad968,2023-08-01,5010,83,international,Clothing,327.98,1
6919c89a-cc5b-465c-a7dd-39f45a477c48,2023-02-03,6969,15,another,Clothing,85.17,0
757f7d93-8790-4886-89f7-d57f9a271a0d,2023-04-01,4142,8,baby,Electronics,234.4,1
5e718c90-e5f6-4d52-84f4-f393db03ccb4,2022-10-22,5265,40,education,Groceries,372.12,1
7999f677-f01a-4c0e-a3e4-be506d7323ae,2022-09-30,1849,8,recently,Home Appliances,76.07,1
561af152-7a22-4bd8-87ed-9b305195e95d,2023-01-31,5996,34,although,Groceries,182.59,1
089ba3ad-d57b-49a4-89d0-b23ca7515c87,2023-08-27,1840,98,manager,Groceries,299.24,0
17de7580-b2b0-4852-b677-b7dd23a88513,2022-11-10,6088,6,line,Home Appliances,360.65,1
590cc4af-de5d-4471-b1f0-485652901b8a,2023-09-07,7218,47,game,Home Appliances,416.16,0
58ca4ff7-8b71-4cf8-a729-3b976c062655,2023-08-22,7759,43,simple,Clothing,301.34,1
d1a64dba-723c-418c-a514-7dbf286dc45b,2022-10-24,3248,89,parent,Clothing,88.44,1
4ad72b82-5948-44c5-9364-826d6228fd9e,2022-10-01,2405,11,even,Electronics,195.54,1
27f5ea1f-8380-41d5-9046-8c7aecd5ecdd,2022-12-27,3367,91,against,Groceries,25.46,1
87dff53f-89b5-402d-b210-f9a50df5c7f6,2023-04-28,8428,49,share,Home Appliances,388.37,0
d2c378ea-e746-4476-9588-38743494269f,2023-01-27,7079,42,analysis,Electronics,91.18,1
6bafb2bc-75dc-4b20-977e-ea2e712fb1a9,2023-08-18,7943,61,style,Electronics,353.74,1
406913f4-5bec-4f19-8337-eb50f3b8cfd8,2023-04-24,8857,52,majority,Groceries,454.94,0
a0fc774d-75d8-43d8-a796-576b515c25e6,2022-11-02,6235,59,production,Groceries,443.1,1
18bc862c-14fd-4c6b-b762-6fdbbddcecfd,2023-02-26,2285,56,their,Electronics,162.91,0
b8b00c6f-53fd-4f48-90f5-6b9f323ecc4f,2023-04-15,7105,63,drug,Electronics,406.43,0
86698f98-f22f-4107-865f-1d216ec4c11c,2023-04-17,7465,64,soldier,Home Appliances,278.8,0
b509dbf3-60fe-4073-8240-bd37416fb67c,2023-02-28,1413,7,company,Clothing,420.35,0
2a962088-9a14-4f57-af58-4a55017d1ed9,2023-04-09,2418,80,what,Clothing,206.89,1
d0f1f3be-c308-496c-9d28-9a84ffe9dd14,2022-11-14,7601,50,name,Clothing,164.93,0
02026abf-43b1-4a09-bf31-c9575e5467e4,2023-07-29,7279,4,action,Clothing,361.49,0
7ad76d0f-ef12-4b86-bee3-f925deea176f,2023-09-01,3415,27,out,Groceries,103.33,0
4abbd0d8-fffd-43b9-a3ed-bbdcf3d010e7,2022-10-05,8898,61,finally,Home Appliances,438.09,0
c7aaeda3-67f6-42d1-9193-b004a727492c,2023-05-28,9801,59,become,Home Appliances,59.09,0
68b0fd43-3b5d-47dd-849c-3e77a181b3f2,2023-07-23,8965,14,television,Home Appliances,20.7,0
ea6faa99-ba22-4a2e-9785-8b93ccfc820b,2023-08-23,6313,85,cover,Home Appliances,432.07,1
b44a47e1-bc23-4f2b-b191-911e55ce4d48,2023-07-07,1596,32,detail,Home Appliances,66.4,1
afae4984-18d0-4695-bc23-f6b1ef436fca,2023-04-30,1644,58,admit,Electronics,427.11,0
939a6045-259d-4ab2-ba28-2cfdb847d625,2023-02-19,3619,16,work,Groceries,110.81,1
0b2d7ca2-7465-43fd-9ee2-f17f7e16126f,2022-11-20,9402,35,city,Groceries,473.79,0
bd976a9b-4c11-4239-9be3-19270d1a07e9,2022-10-18,9229,36,it,Clothing,424.72,1
b65c38ef-9cb4-4941-b96d-213ef87e5a9f,2023-02-09,1596,4,issue,Electronics,359.06,1
8ce7f456-b225-4f98-b0e9-2c6f9adfe70a,2023-04-07,4794,64,wife,Groceries,192.5,0
ff03e83f-4d35-4221-8bf4-e0d9141afa14,2023-03-23,1115,15,garden,Clothing,111.84,1
cccc23d4-eacd-4f8e-a2dc-de80e84bb3b0,2023-09-08,9094,94,beautiful,Groceries,14.36,1
dc38a4ef-5107-4c94-b18c-127cf43686a0,2023-03-13,3052,34,effort,Home Appliances,173.37,0
cda77a1a-5eaa-4e58-a645-7dc05579acde,2023-01-26,3853,62,test,Clothing,175.75,0
0c3b8a1e-9109-4eed-b405-1f8b07648d6e,2022-11-29,6205,4,sing,Groceries,30.19,0
bc76055f-ce7e-40f9-bd4c-0ff089c897f0,2023-02-10,1516,25,above,Home Appliances,491.14,1
32b38bf6-f739-4c9e-bc09-15e0660e0d1c,2023-07-16,2638,93,data,Groceries,203.45,0
fd46ead9-0d69-49f2-b160-de8ec687e2da,2023-07-05,1044,26,determine,Electronics,153.77,0
3e6df83e-01d0-4388-b09a-33ae639b182f,2023-02-21,3241,51,fast,Groceries,467.54,0
a0c4016f-db36-46b0-a97d-cf172b220214,2022-12-18,1560,15,well,Electronics,429.95,0
3bfb7ecb-3d92-40cc-90ed-3b1b859b29fc,2023-04-20,8603,12,stay,Groceries,158.31,1
aa0e3ed2-4932-4502-9434-55d96fd1d8e1,2023-02-17,4595,94,national,Clothing,213.21,1
5790b0b2-ac53-4443-8152-fc8cf20aa6ed,2023-09-06,6142,27,week,Home Appliances,242.26,0
ca57d04d-6bd5-4338-b6a2-73cd9068a97c,2023-04-02,4057,4,owner,Electronics,244.75,1
71512342-dac5-40e0-8248-ad3078dfff64,2022-11-14,3420,6,try,Clothing,219.0,1
0bbdc052-3b85-4c9a-9651-f7c6127f82e1,2023-05-30,5693,92,food,Groceries,370.03,0
edf71ef2-8978-4a6d-b24d-ed8a9bf53a47,2023-09-13,7098,94,stay,Clothing,317.1,0
3694a36b-8366-418f-84bc-0942866a0d7f,2023-07-14,9217,17,leader,Home Appliances,42.26,0
24ea635b-2772-4606-8772-08b4718df5eb,2023-01-13,9786,20,collection,Home Appliances,377.44,1
1bd7252f-247b-41bd-a3c6-16a0a6a6f6b2,2023-05-12,1880,3,safe,Home Appliances,13.85,1
563c5845-6d1e-43b7-a48e-171a14fc8614,2022-09-21,1901,17,more,Groceries,229.79,0
ab51d258-e9ad-4bd1-b507-1b286593151b,2023-07-18,6481,21,big,Electronics,217.29,0
8c519d63-067c-4439-8b84-afab8eabf8b3,2023-01-25,1394,83,quality,Groceries,494.34,0
57bc048e-928c-48fa-9eb5-ab4980912743,2023-02-03,2410,81,people,Groceries,221.3,0
7316d44e-2088-401e-a35f-4f7e9441de78,2023-03-02,4566,76,maintain,Electronics,41.29,0
7176b220-a5a3-4b15-b620-ec3512ca011a,2023-09-05,5620,81,affect,Home Appliances,452.48,0
952db26b-bdd3-41ac-8e48-708215b743a9,2023-03-17,2765,23,trial,Clothing,68.27,1
41f0e88b-48f9-4663-9fbc-ce6a13ec5e9a,2023-07-31,3856,51,west,Home Appliances,111.54,0
b85e46aa-e6e6-4d6b-94d2-68c6a2b362e8,2022-10-25,1818,19,give,Clothing,315.47,0
9ba9a80b-8468-4ea1-bb76-dbeb88c1b687,2023-04-04,8525,71,eight,Electronics,234.62,0
3e586eb8-b8ae-4c03-baa4-901a9904b228,2023-02-08,7961,49,million,Clothing,61.33,1
c72f3480-02e4-4601-93c9-b9e4367aa222,2023-07-10,5786,56,relate,Clothing,82.72,1
32bf0461-7980-4d1c-9f37-96fc59604531,2023-06-08,7787,12,case,Home Appliances,440.05,1
7d47fc10-d0fc-4abb-816b-ecd1af5f23d6,2023-04-15,1121,36,color,Groceries,418.43,0
793135fe-bb12-4b53-b756-2725ab7477eb,2023-04-27,1456,85,event,Clothing,275.98,0
5c3db588-8b8c-487d-9a30-3dfd930d004a,2023-02-25,5709,1,into,Home Appliances,176.71,1
7c07114f-7347-4964-9630-53d0986f030c,2022-12-18,7873,62,opportunity,Home Appliances,410.88,0
b716ffd4-370c-467a-8ad4-e2ea4b299a53,2022-10-22,1320,77,herself,Clothing,438.5,0
a97fe69b-9209-49f0-998d-1520692eb741,2023-05-19,7394,90,road,Home Appliances,422.74,1
0909208d-c3da-41cd-8d0a-24bf59b9c62d,2022-10-02,5591,92,order,Electronics,361.88,0
3e9a2482-15f1-44ad-ae56-979ea76f4f63,2023-08-24,9014,12,seat,Home Appliances,401.97,0
12a3dbcc-b53e-49f0-b5d8-f0fb48cf89ba,2023-06-10,3467,74,social,Electronics,42.51,0
ec3e93da-bc42-4a53-8807-c2dd979627df,2023-07-19,9258,51,account,Groceries,157.22,1
29b826ac-bc61-4b3a-933a-5e2c8ca769c2,2022-12-22,7920,6,red,Clothing,171.99,0
e23982ac-9bf8-44da-9a58-e527eb98fc65,2023-09-03,3504,69,carry,Groceries,435.66,1
59bd214f-32b7-4e23-b780-84512a48ba59,2023-04-25,1838,96,country,Groceries,257.45,0
ff61b5ca-b55f-4634-af60-5e586b33d64c,2022-12-29,9581,61,according,Electronics,291.2,0
760c2151-136c-41c5-bca6-6633efa5b081,2023-05-04,8533,7,could,Electronics,376.01,0
9add510f-f6d7-427f-b870-195c8e0a030d,2023-06-27,1600,20,short,Clothing,151.94,1
4117772a-fcc3-49d5-925b-c0950c16d5ce,2023-03-30,7356,21,office,Clothing,414.59,1
b1887d58-13f8-413f-bc6e-7f8af46f8991,2023-08-26,2700,28,degree,Electronics,307.64,0
0573c353-42cd-43a9-bb01-5d2eedf38cd3,2022-12-12,8088,28,area,Clothing,331.92,0
bc946f38-f168-4cc8-b66f-ceafc9dd708a,2023-01-16,3820,57,within,Home Appliances,158.2,1
c8f36ee2-e0cb-4174-9a6a-8bd6c0f0a204,2023-04-24,6435,66,feeling,Groceries,173.02,1
1f03266a-6990-447c-92d6-63029d991c50,2022-09-22,7531,73,indicate,Groceries,472.04,1
55593054-89b8-4feb-b7f7-b326f8cce4d1,2022-09-18,4529,42,wife,Clothing,198.24,0
8500eed1-8c5e-42b6-a25e-babe09b7dbf1,2022-09-17,5476,66,piece,Clothing,90.26,0
ce3551bd-5fb7-417e-a90e-adea1226b48d,2023-08-20,5659,78,computer,Home Appliances,150.67,0
ee82eb97-25e3-4920-95b8-3fcd75e7afb7,2022-11-05,2950,21,total,Home Appliances,471.51,1
a0ee260e-a907-4e79-a191-b6a418db7af0,2023-06-08,7932,66,score,Clothing,79.04,0
484e181e-d7ea-4256-a112-e8fc137df583,2023-03-02,7011,27,church,Groceries,340.04,1
c04a91b4-4f2f-4d59-9d77-d10adaa3cd37,2023-07-29,3032,94,total,Home Appliances,211.46,1
66308fc1-19a8-4dcb-adfd-3bf193b9323c,2023-07-10,9257,21,probably,Home Appliances,199.47,0
e63b13e8-9e74-41dc-861a-6d37a9152eda,2022-10-06,8755,82,coach,Electronics,240.74,0
0692809b-a44a-4a06-b805-249539144b62,2023-07-01,7252,39,I,Home Appliances,25.91,0
6bd63e28-6e62-42c8-9256-358b3d3a0469,2022-09-22,6283,91,behavior,Clothing,318.68,1
6c55ff32-f269-4f66-8886-e06b6d1ca647,2023-08-08,1425,81,way,Groceries,105.54,1
7030da58-2c60-4c60-89a6-6dce33d111c3,2023-02-11,7778,66,measure,Home Appliances,64.39,1
2a49f206-704d-4068-b555-a4293e244cca,2022-12-31,9608,29,class,Clothing,311.02,0
c88849c6-ccea-4118-b2a7-ffb357dca691,2023-01-07,7285,65,final,Electronics,485.05,1
d0f53fb1-3bde-43a2-ae94-16c525eaab6d,2023-01-27,5252,24,character,Clothing,396.4,1
23444622-612b-4d58-a85a-b293a384ccea,2023-07-20,6431,97,son,Groceries,401.68,0
5a9c5aad-1d75-4c0c-b347-f2193c574701,2023-09-12,1276,64,wall,Clothing,264.31,0
f760843b-e635-4002-b71c-53eeccc40193,2023-05-04,5565,73,attorney,Groceries,393.24,1
a89b679c-90c3-4baf-8bd3-b6940ab1780c,2023-06-06,6338,13,plant,Home Appliances,380.74,1
d813f2a4-a31a-4aa8-a121-548262890e0e,2022-10-28,2224,31,member,Electronics,396.88,0
479c24f1-751e-4717-a552-b762321c7531,2023-01-12,9837,68,attention,Clothing,451.94,1
2bdeb31e-4f1d-40f2-ad8e-b71ed7dd021d,2022-10-12,9283,33,box,Home Appliances,135.14,0
4eab5186-5340-49e2-86c4-12262f736ae7,2022-11-29,8025,42,yeah,Groceries,122.53,1
2ed041bf-d931-441d-9a8f-22e178a90f52,2023-04-17,2700,82,report,Clothing,258.48,0
e9958ecf-91a8-45e8-836c-0350f5256de7,2023-06-25,5503,18,probably,Electronics,218.73,1
91a56af4-e7bb-47c3-896e-dbc6d7fd270f,2022-10-13,6733,72,establish,Clothing,462.21,1
8acbfdf9-27fc-482f-9a66-f8e7531e2652,2023-06-20,1878,28,approach,Groceries,40.83,0
39226f69-29dc-4bf9-a214-70ba78859414,2023-03-24,3815,17,never,Electronics,369.8,1
6b578644-13d6-4d44-9ec8-e13de6a190e0,2023-07-04,2714,73,light,Home Appliances,221.23,0
33e5abfc-19cf-4a52-92b7-11092526948f,2022-12-25,1079,1,value,Home Appliances,253.35,1
1ea1423b-60e9-4368-b6ec-50d9f936ce35,2023-04-07,6929,90,bag,Home Appliances,48.48,0
6b421305-df61-418f-b180-8bc0e358e16b,2023-09-04,4591,22,center,Groceries,186.03,1
3304f639-7344-4740-b71b-2cffd0ac1ba3,2023-02-20,3798,55,gun,Clothing,180.46,0
aff767eb-478e-47b8-a3ed-b45c3c7a19d2,2023-02-22,9710,6,kind,Electronics,411.31,0
fedd429f-914f-44f2-a913-c6e40b6ab5da,2022-11-26,5704,73,course,Groceries,111.91,0
21c92de9-75c7-4ac6-a016-b59fd0ad8541,2023-06-24,2792,40,white,Electronics,376.51,1
38115568-cced-41de-b020-5fc237946a5e,2023-09-01,8082,28,then,Clothing,347.84,0
a64744c9-b955-4e5a-9e46-f2bb2cd66335,2023-09-09,1242,22,policy,Electronics,431.0,1
52509f92-e3fb-4ca0-9f40-917cee436ee5,2023-04-24,7990,51,evening,Home Appliances,65.07,1
38193e8b-f455-4ee4-ac0a-5967afb4e276,2023-07-17,5381,8,support,Clothing,73.78,1
fd3e4c65-e2bb-4c16-92b9-2373f91bbc9e,2022-10-30,3094,98,card,Clothing,174.16,1
204b7e92-42e8-4b36-92a4-f2e66d897431,2023-03-29,1787,70,can,Electronics,469.19,1
67f3af30-0732-4a8c-993f-4e96a212727b,2023-05-22,1382,80,support,Electronics,100.18,0
1e168e47-790d-4565-a34e-552270977d36,2022-11-01,9512,71,present,Home Appliances,271.28,0
cbc0d6a3-b7c3-43f8-8461-734a2137c021,2023-02-19,3800,37,investment,Home Appliances,194.53,0
f189255e-7c54-4588-bbd7-8f87a5d30e3f,2023-04-15,8814,32,brother,Home Appliances,404.15,0
43e5dc54-ff90-43fe-b38f-1ebd87d12773,2023-01-13,4193,17,do,Clothing,125.96,1
bfb18bd5-e581-48ac-aedd-ce87f5f4ba48,2023-05-05,4453,71,necessary,Groceries,192.51,0
eb4aea71-8f4f-4816-bb36-c26d0568fc55,2023-05-03,6445,75,ready,Electronics,431.88,0
99041f83-b7bb-4364-b2ad-9837ea902d29,2022-10-16,1495,13,despite,Home Appliances,202.96,0
fdaead14-3b68-4e40-8e41-67a37eb11a6c,2023-06-17,2205,94,change,Groceries,74.69,1
3e8b5c49-9f09-4da2-9c59-6502e514ca9a,2023-03-26,7955,22,physical,Electronics,373.03,1
355b5f54-23f9-47aa-8db0-86e528064f5a,2023-06-01,7100,84,upon,Groceries,156.03,0
ebc529db-d2f8-49af-99b3-1a0e927f5655,2023-07-14,7908,100,several,Clothing,131.55,1
ee1751e2-3da0-4f02-917a-f1e23782aee5,2022-10-03,4671,21,without,Home Appliances,322.15,0
7b820982-ef80-4348-bcea-0945fa0fec5a,2023-05-27,4016,57,floor,Electronics,194.45,1
a26533b2-f30d-4fc3-8cef-6710a3f1a8b1,2022-12-01,9596,50,admit,Groceries,481.36,1
843f7d4b-5b59-4ef8-9505-dea83a16567d,2023-08-05,3478,10,beat,Clothing,109.96,1
96ca8fed-082f-4978-965d-2a22604fa681,2022-10-25,3029,29,how,Groceries,54.62,0
dcd7dfd8-e826-410c-9152-db5aebf61c8f,2023-07-14,2168,100,stand,Home Appliances,145.72,0
1167ff5b-5e0b-409c-affd-e92c43a44bac,2023-07-26,4248,50,tree,Home Appliances,399.87,1
b38693b2-a0ef-4958-9e32-754cac098c9f,2023-08-08,3352,67,spring,Home Appliances,100.84,1
f22b6afd-2b37-4ab1-ab8c-e98ad4f3f85d,2023-02-12,6727,69,its,Home Appliances,95.62,1
c65b36df-896a-43fb-bdc7-307eedc28c9e,2023-03-12,2273,44,hit,Clothing,469.18,1
93efcf7b-bd60-4873-b5b8-08a9dc1a9984,2022-12-22,3390,33,west,Electronics,236.59,0
769f6434-d24c-4aa3-8452-47caa25d65db,2023-07-01,6101,54,accept,Electronics,246.81,1
eb9c5ef2-7c1d-49a6-9280-d69f60c0e2ab,2022-11-18,5696,24,person,Groceries,10.9,1
557d1d3d-4a09-4470-82d5-c329da25e68b,2023-02-16,3325,95,animal,Groceries,313.18,0
a763d3e5-69e3-4cf3-b4ec-be7a082ae295,2023-07-18,7967,20,computer,Electronics,156.29,1
7abfbcdd-c7cd-44c8-bfab-b2d611b44375,2023-06-05,2943,57,film,Clothing,277.15,1
70b36c35-8f7d-4711-857b-f66deafc06eb,2023-09-11,3374,80,establish,Groceries,356.08,0
aba3d1c1-7e8d-41ff-96e7-c0d450925a34,2023-06-10,2469,38,life,Clothing,342.31,0
da57d38c-b238-4dea-bdeb-a9deb2709e05,2023-02-14,2025,29,seem,Clothing,276.43,1
3b093e51-53ca-4a2f-b4df-3d7e299d6cbc,2023-04-13,4873,75,western,Clothing,319.71,0
f90ae983-905c-48e5-befd-3c3783c7cc20,2022-09-30,7978,21,main,Electronics,142.34,0
df7e0ce3-d900-4efa-847c-fa5976a2c4de,2023-08-28,7772,89,surface,Groceries,10.12,1
1d450c25-16c6-4b3c-a0f2-5c20a2166358,2023-08-06,3979,32,company,Groceries,227.85,1
7a45b0e0-f45a-43c5-92a8-9a01a1346969,2023-02-14,6971,94,new,Groceries,183.37,0
4c438cfd-6668-4662-a482-a5d650538863,2023-07-12,1878,19,base,Clothing,301.75,0
2e296a0a-58d7-44d2-8277-4d4cdf823eca,2022-11-02,8677,79,movie,Home Appliances,398.2,1
23625aeb-8519-499e-9ac8-0499cb53a1da,2022-11-18,8809,78,know,Home Appliances,67.91,0
b02074d4-4beb-4ad7-a6d1-3eee1d3b9700,2023-03-16,9928,7,decade,Groceries,43.37,1
95fc12b5-c4d2-4d06-b4b0-a4ae81bfcbaa,2022-12-27,3942,14,manager,Clothing,264.72,0
f3e16b9d-3f0c-4c23-a988-7eaa094f991a,2022-12-27,4261,56,yet,Home Appliances,270.37,1
7bfec047-5e77-4ff1-980d-21e3917b935b,2022-10-14,5107,29,right,Electronics,373.3,1
269924ba-cf1a-4f91-8bb3-1d4e7c632514,2023-05-18,9707,39,four,Groceries,226.76,0
ca1787d8-cb58-4c5c-94ff-64809309b643,2022-11-22,5257,78,front,Home Appliances,86.96,0
9a051da2-65f1-4458-9848-d1cf1105fb4c,2023-04-29,6121,82,ok,Clothing,196.9,1
c9752afc-5d16-4dab-b195-9fa6e753915d,2023-07-10,8140,51,book,Groceries,78.37,1
4db8b527-c8ff-4838-8e1d-45be58829b6b,2023-08-15,8515,20,business,Clothing,183.49,1
98d9536e-1e94-4b43-91fe-07f88eec27b1,2023-03-22,9974,52,like,Clothing,116.82,1
9f93f4a4-8113-49e1-842e-6a68abe12a10,2023-03-01,9529,27,scientist,Electronics,251.43,1
f02da48e-5065-424e-a7ae-a07fad383c30,2023-04-18,1523,8,water,Groceries,157.09,1
7c8c4864-a648-4c19-9975-2d05c830e02a,2023-03-30,3375,7,center,Electronics,35.68,0
3c830db4-448e-4a65-a7ec-385a1275f54f,2023-02-19,2138,74,paper,Clothing,22.52,1
c90c38ac-7f06-4343-a8ff-5dad059dbf44,2022-12-07,9176,44,already,Electronics,445.39,0
ed914a31-6667-408e-9289-0b3afe8428a8,2023-08-31,7131,12,step,Electronics,346.58,1
b7e15796-b140-460c-a727-b297d53f9910,2023-08-06,7722,86,across,Home Appliances,13.15,0
6903ecba-ea64-441f-adfa-cc34cac8bb2b,2023-03-27,6432,55,successful,Clothing,314.23,1
bfb1e5b6-ceb1-4736-a80e-5bde31abd674,2023-08-22,3085,15,doctor,Clothing,366.28,0
2125641c-68f5-4a71-9c67-4f243b74ad4f,2022-10-19,8211,74,region,Electronics,378.29,0
06d9a4bc-e06a-4b4f-90a3-1fd64a797dbd,2023-05-06,8928,99,sense,Groceries,61.68,1
b15b66e1-af2e-411a-a889-f7aa5b03c0a8,2023-08-18,6676,48,rule,Home Appliances,198.22,1
5b9a6a96-4c42-4c5f-a34d-27ca4288a531,2023-08-01,3842,16,happy,Clothing,327.52,1
54563b66-f11a-459a-879d-cc53bd01dc02,2022-09-16,7857,35,themselves,Groceries,82.53,0
6de0e224-7143-4f93-ad74-d6945c340728,2023-04-11,4945,27,increase,Groceries,266.84,0
dd208733-2966-4dc7-a8f1-24d4fea7d7aa,2023-07-13,4277,64,child,Groceries,456.09,1
6390fdbd-8155-4c7c-9787-75b57661e6c5,2023-04-02,2798,23,someone,Groceries,396.78,1
6c4a1134-92ef-4b00-a007-f753664f9056,2023-09-03,3146,95,happy,Home Appliances,405.35,0
629962f8-2dc7-4f7a-9f9b-f441e810c3de,2022-12-31,6481,53,brother,Groceries,399.84,0
51762b39-b50e-4f8c-9aa1-5c73a988dbeb,2022-12-10,1884,61,prove,Groceries,297.4,1
0298fa45-ed5e-416a-a8bc-10b631403d99,2023-05-13,7129,67,situation,Clothing,26.31,0
30764021-dc61-4b1b-b43f-6a8c1c266a35,2022-11-24,4529,77,someone,Groceries,436.79,0
d58da8be-262e-4280-be76-464ddd5f3e5d,2023-03-20,6729,12,brother,Groceries,374.15,0
437ec437-3d7e-492f-b744-08b2962fe25e,2023-08-18,9664,31,of,Home Appliances,124.2,0
7edc1356-bd39-4541-a0df-e8579c91c55b,2023-05-09,3204,19,road,Electronics,355.41,1
440b080b-2f2d-461f-8722-d9ea12b7b9d1,2023-05-20,1929,22,management,Groceries,388.0,1
97052872-5ab1-4f6d-9584-dbf7f945d6d7,2023-01-19,6279,68,drug,Groceries,234.56,1
d87dff58-1cac-42df-bd54-13a461d55f14,2023-07-13,7177,49,light,Clothing,294.67,1
2f78437d-0069-4915-aa04-3d381dd9316a,2022-10-22,7882,5,dark,Electronics,355.02,1
36d5b4fc-b8ed-411b-9882-07928e036295,2022-11-15,8995,52,before,Electronics,140.28,0
e1c071db-b6a7-4c09-aa0f-e45b50857328,2022-12-19,8191,12,full,Groceries,89.8,1
7810b214-86ea-447a-8f39-b1f809ce2a86,2023-07-30,3146,49,business,Groceries,330.77,0
864a73ac-7cf3-486b-bc3d-84ffb808b964,2023-03-19,7752,67,family,Electronics,395.47,0
9507b8e1-4fef-4f29-86f9-4bd2d4e8ce4e,2023-02-28,9083,44,between,Home Appliances,485.63,0
54f45090-ecfe-417c-8530-a0c7f3750874,2023-07-05,6105,68,painting,Groceries,232.32,0
8f5f5d7a-2286-45a3-a936-2f5149e9514b,2022-12-22,1738,56,on,Clothing,307.11,1
4653d54b-3ad0-4c0f-9027-8624d82c2cd3,2023-02-08,1762,66,catch,Electronics,168.24,1
d6031aef-e4e3-47bf-8958-264f42ca93b5,2022-11-30,5920,41,everything,Home Appliances,135.19,0
69aa3e8a-6443-41f6-b2f5-69b520e02e5a,2023-07-23,6260,80,situation,Clothing,103.16,0
6be9953e-ff07-49ab-ad73-750d69ffa4c9,2022-10-24,7648,13,time,Electronics,436.27,0
4cabd704-b76d-488e-a976-75423fa0f83e,2022-11-04,2293,1,until,Electronics,420.27,1
5ef694db-8c47-45ef-9bfe-1f7e6b3da073,2022-11-12,4163,40,choose,Electronics,162.99,1
33a07548-feeb-4a9f-b573-bd9f334d7eee,2023-04-04,8631,100,cell,Clothing,246.22,0
3090e445-aee7-417d-aab1-00b8d629f800,2022-09-18,7508,22,service,Groceries,31.81,0
107385d1-2f60-475b-9a85-e5664ae9f174,2022-12-09,4383,70,anyone,Clothing,14.51,1
8bd2fe7f-4af8-43e0-8afd-78cb226ebc16,2023-03-06,2731,10,pull,Home Appliances,33.26,1
6ac8f22b-e764-499a-b6b8-26c368512e67,2023-02-12,5428,91,young,Clothing,235.65,0
60c2a661-57cb-4611-bfff-b28b95ef5f40,2023-07-04,6773,62,material,Home Appliances,49.92,0
19ae71ed-d84c-43ed-b3df-062e3ade6aeb,2023-01-26,1244,74,condition,Clothing,212.87,1
25c0f6c6-5a00-4bfb-b966-db01a466b1c3,2023-07-16,1819,60,address,Groceries,310.25,1
e088a228-6cc6-4bd4-adfa-2cbda198cb65,2023-02-13,9074,28,single,Electronics,29.28,0
eaf6a906-333d-4b1d-a7df-788070617858,2022-12-03,3762,50,once,Home Appliances,250.11,1
c51cdba4-0ab8-43ff-9a5a-895bd23d2eb2,2022-10-18,1535,10,memory,Electronics,467.89,1
c09baf71-e843-4f6d-9a43-364ea4265d33,2023-02-10,7818,27,agent,Clothing,62.57,0
c30177d2-381a-416a-80d5-5c0d56a91643,2023-06-24,8659,2,PM,Home Appliances,358.42,1
0e36c132-8689-4d87-bb60-85caa67ffbc2,2022-10-11,6350,54,by,Groceries,261.88,1
d31c892e-96d5-42bb-9b5b-4e572d12006e,2023-07-10,7494,91,among,Home Appliances,143.55,0
336b9b9e-a9eb-4567-867b-c5f293ffba89,2023-05-08,4161,83,herself,Electronics,311.29,0
9f706055-5d6a-41ce-9ef1-cccfc713dcd1,2023-01-06,3972,38,adult,Clothing,94.56,0
a04d66b3-f178-4584-bf23-811e0c21780e,2023-06-29,1512,92,major,Home Appliances,116.85,0
b8305ff7-fd8e-4c93-a9ac-b660aa53bee1,2023-02-18,8374,33,bit,Electronics,373.54,1
7de8b38b-5839-4e52-9e83-d16dc0b92598,2022-11-05,3343,95,reveal,Home Appliances,430.96,1
483e86ee-8526-4e41-bd79-13ce737e1ffc,2023-05-28,1300,33,make,Groceries,326.15,1
5eedab34-17bc-41d4-aefc-e7f4499c7f98,2022-10-24,9033,66,minute,Groceries,122.49,1
34199d49-3c1d-486b-a0e3-8d850f54076b,2023-01-17,8453,40,guy,Electronics,118.56,0
1e5a2094-0b2e-4751-a929-db00c88702c6,2023-02-18,6151,37,film,Groceries,263.9,1
601af05b-88a9-49f4-a695-9d21b0671598,2023-07-20,5214,13,business,Home Appliances,124.47,1
9b2a66a9-0f4e-4478-a1fc-5f7b5675a5d2,2023-02-07,3856,75,parent,Groceries,150.55,0
ce7370cf-3804-4e75-9de9-9edebd7de1ee,2023-04-19,8278,92,may,Electronics,406.78,1
a4d1700d-703d-4b10-ae56-82a59d095dcd,2023-05-07,7519,95,both,Electronics,189.82,0
fa702545-7323-4d6d-afe9-a85eef2704d7,2023-05-30,3725,37,chance,Electronics,407.88,0
e5bfb9f8-15da-4203-a761-f1e7b6952208,2022-09-24,4043,84,final,Clothing,488.12,0
b24a1d0a-0eda-483e-b8de-3ee8be821591,2023-09-06,4213,82,free,Home Appliances,76.43,1
47ffa2e9-4a39-4b81-9a8b-2d49ddb370de,2022-10-27,3801,26,indeed,Clothing,289.05,0
44c7d932-b15b-4757-aa21-64111855a18a,2023-04-24,1526,29,carry,Home Appliances,125.3,0
0b6b7094-25aa-4590-8f38-cf7b2e768d52,2022-11-05,6827,81,degree,Groceries,382.38,0
9bcb7652-d8bd-45b9-80e4-5144756ae5d5,2023-05-15,9511,62,example,Electronics,318.2,0
d1da5848-7eb6-4556-b8e5-59560a07bfe1,2022-10-27,2133,20,feeling,Home Appliances,267.95,1
ec54b8f9-a87d-444f-b228-32eea0751ce2,2023-04-25,6468,44,others,Clothing,233.25,0
4d3d64ce-a04c-41e9-a077-666269d21d43,2023-09-05,2149,48,late,Clothing,282.21,1
a61159c6-32ff-4e3b-b811-0d4401e7b1f8,2022-11-23,1715,75,everything,Groceries,406.53,1
40a8d757-358a-44e1-9cba-c17470e8a0ee,2023-03-06,4039,85,feeling,Home Appliances,277.55,0
ad1a7121-0c77-4bb2-869d-4eef28e04620,2022-09-30,4009,19,debate,Clothing,136.99,1
67fb414f-cca1-4130-a458-df6dafcc92c2,2023-04-13,1940,64,million,Groceries,354.68,1
cc9bb39f-6005-4713-bb4f-f236c0aa9d77,2023-04-05,3111,76,institution,Clothing,198.21,0
59575caa-2440-40e2-be9b-4110a0bac612,2023-07-06,3714,30,relationship,Home Appliances,28.76,0
c7a23be2-294e-4bed-a592-b9531cb3c1fb,2023-05-28,5970,12,safe,Groceries,178.15,0
0f215241-c3ee-41d6-af8e-fc77b014c275,2023-07-31,2491,18,body,Home Appliances,137.45,0
06ea7805-eb32-4688-85ec-de24a140c29a,2023-04-20,8277,22,be,Electronics,159.4,0
983b9d0d-b005-4f98-ace3-ae26cdf3e2f1,2023-03-17,3967,71,key,Clothing,368.83,1
ab0f3ca3-0e3d-4275-a9b3-b33930a012c2,2023-02-05,4471,85,despite,Electronics,20.77,0
567e8a27-ad3c-474e-8b2c-8f736fd442e1,2023-05-26,1159,54,left,Home Appliances,22.04,0
3b886b30-6070-45c3-a382-b4b457c8c53c,2022-10-25,2457,93,street,Home Appliances,120.63,1
95ead874-4c1b-4755-be0d-ff6e74ccf8e6,2023-06-15,9742,71,along,Home Appliances,42.61,1
82e0ff02-1ce4-4edc-a41b-e7deede8c59e,2023-04-11,8572,88,leave,Clothing,486.33,0
17b9ec05-f49c-479f-ad4d-4dd36cebd677,2023-02-18,8541,3,lose,Electronics,447.29,1
5cd1d125-24ee-4f7d-b45c-abf08b860bac,2023-04-01,7358,83,audience,Groceries,223.25,1
200d043e-4388-4c90-ba54-7b8ebc988971,2023-07-17,2220,17,table,Groceries,96.7,1
7e9a12b5-8920-4098-9ea1-c9929c500331,2023-06-27,8057,91,receive,Home Appliances,197.51,1
f3ac9286-7088-42d1-9454-a0706c10062d,2023-03-10,1956,46,yet,Electronics,271.52,1
9b467cba-8f27-4f0b-b8cc-a610fa6b06e3,2023-03-16,5318,20,necessary,Groceries,381.95,0
2c12e951-6561-44cd-b9b4-8bd3da394804,2023-07-06,5158,59,himself,Groceries,210.38,0
9e3abbe6-03e4-4a72-82e1-9fac8c5c1b34,2022-12-19,2579,81,she,Groceries,11.52,0
e58669b1-9f20-405c-9191-d1757a48fd65,2023-05-21,5596,17,different,Electronics,49.03,0
563ec45e-5305-4f41-9e49-235bc1f979dc,2023-02-14,1226,78,study,Home Appliances,130.93,0
4fe4855e-cddd-4136-b0bd-2a9ea217e4ab,2022-11-08,3661,61,clearly,Electronics,373.98,0
1bb1b897-ec88-4f73-8cb5-1011759a8d28,2023-08-27,7784,22,item,Home Appliances,361.72,0
21a46713-49f4-470c-96eb-a6ff359f6b7a,2023-09-09,4612,2,their,Home Appliances,314.05,0
3c8ca3d7-d8b1-4177-9949-a7f86b66c5b2,2023-02-27,1467,75,coach,Groceries,311.32,1
2f897f85-a437-41fc-8534-c65d76daa71d,2023-01-23,5400,23,him,Groceries,176.72,1
e81a66c9-6f97-4d2e-963b-a962bcd3de5d,2023-06-08,2368,3,through,Groceries,23.36,1
05de7454-3003-4133-9750-b23306b3ce6d,2023-08-19,1254,68,loss,Groceries,53.91,0
f6d6c336-5a29-4343-8797-c8372aa4df2a,2022-10-19,4974,54,know,Groceries,234.48,1
8748ed1a-128a-4289-a0d5-a74c260d452a,2023-04-24,2819,74,ago,Home Appliances,89.52,1
d25bf172-a1d5-4696-bab3-0104669ba28b,2022-10-04,8957,94,suffer,Home Appliances,175.45,1
df82d065-4e24-48a4-9465-d5b86799fce9,2023-09-07,5113,94,avoid,Electronics,17.24,1
dd806136-1222-4300-9fb1-0686ccbc5148,2022-10-24,4111,2,skin,Groceries,279.72,1
65be0490-431e-4f17-b620-faafa24b37c6,2023-01-11,1090,32,until,Clothing,467.7,1
2c86676c-4449-4451-8779-8fb4b30f2c64,2022-11-22,4522,68,rich,Home Appliances,203.58,1
66deedbf-0ef3-4273-9819-a8b9300ee0a5,2023-02-22,9443,5,well,Clothing,179.83,0
31961852-c545-4135-995b-89f5b055f720,2022-11-30,9944,62,much,Electronics,143.79,1
74aef0b4-c4a7-4266-99cb-e09cb17a4197,2022-09-29,9784,86,herself,Clothing,343.56,1
d5900339-53d2-4388-99b6-025373b89db0,2022-12-12,8336,13,travel,Groceries,497.52,0
f4ce9a38-7280-461c-92d3-1ab5d6fa1bdd,2023-02-28,2026,16,television,Clothing,383.67,1
1d0adbd2-d04c-42d3-b6d3-537ddfb5857a,2023-07-21,5462,94,relationship,Groceries,199.18,0
9da7ce77-c195-4baf-9094-c43bf23e763c,2022-11-03,5185,61,common,Home Appliances,66.84,0
0d12e47d-15aa-4b02-9ef1-9551fe76a013,2023-02-04,9632,24,sure,Home Appliances,297.21,1
eba370a9-710a-4d4c-abb9-85725d231361,2023-07-10,6289,49,recently,Home Appliances,89.65,1
8bbc7944-77e2-4581-99b4-8ae56813874f,2022-11-11,7158,55,walk,Clothing,424.65,0
19cca225-0cea-4096-a052-5be8c486bc9b,2023-03-01,7150,8,scientist,Electronics,286.79,1
baa29574-35c3-4b54-82ed-7abd0df9be9e,2023-07-04,8376,14,suffer,Groceries,152.68,1
89880d48-3b4d-4a68-8d7a-665ca4ce82ae,2023-02-07,2317,46,none,Clothing,252.48,1
b610e8d9-ddc1-445d-b85c-623f20c06d02,2023-03-02,6993,70,already,Groceries,493.86,0
7a5b2519-1753-42fe-8dc5-5165bf643de9,2023-02-19,7152,96,right,Electronics,288.62,0
1406fa33-726c-4906-a578-625dc45536aa,2023-06-05,8382,66,wait,Groceries,177.26,1
64c2de34-5734-4d99-8547-baa4cb679658,2022-12-23,2873,70,ask,Home Appliances,455.85,1
aa667ade-67da-43c9-8d36-e19a5a73ba2c,2022-10-01,1891,33,side,Clothing,376.17,0
edc3c56c-1f13-4026-85df-b5d88ae88eef,2023-01-24,4629,72,left,Clothing,278.95,1
2a6b600d-85d1-479a-84b4-2118177b0436,2023-03-28,9398,56,huge,Home Appliances,475.4,0
5c9daa9a-9aaf-4705-9038-811f372959ee,2022-12-01,3029,48,size,Clothing,41.01,0
302dcb5f-397b-4780-a5f5-0e73752fdbca,2022-11-07,2620,56,water,Home Appliances,294.05,1
431aea30-0182-4abd-bbb4-2870abc5f792,2023-05-21,8838,41,father,Groceries,379.83,1
140fa9f1-47b2-4a63-b3c1-4516b29bb8a5,2022-11-12,4445,26,in,Clothing,149.63,1
9015f302-57b4-4a26-9866-74505e8cda16,2023-08-23,6915,76,improve,Clothing,473.66,1
c7863c7b-ecae-4586-9938-0d5612be39a8,2023-02-18,1048,55,ahead,Home Appliances,495.14,1
71a357e9-84cd-4a76-aebe-d37e88d81c9d,2023-08-23,1237,21,about,Home Appliances,397.84,0
342ecfdd-3cee-4187-8a93-718ae9f329fb,2022-10-30,5211,39,support,Electronics,394.48,1
8e484a89-e282-4868-b0c0-d10c3e083ce9,2023-01-27,8111,77,allow,Home Appliances,186.86,1
1eff96ad-cd90-461c-a30e-e7d560ca4268,2023-04-21,8425,48,decision,Clothing,321.97,0
3cba0b13-7601-4d6f-a65a-39f7603eca83,2022-11-01,7418,93,month,Groceries,450.91,0
86bfcbc5-a411-42a4-8258-7ed7f232d1d5,2023-09-03,1455,16,would,Groceries,343.33,1
6464d861-af02-440f-b9f9-a7070da79155,2023-03-06,1037,66,arrive,Clothing,317.63,0
581347fa-6083-45e1-bef2-6049aafd8713,2022-12-21,3165,10,be,Home Appliances,368.15,0
4ebe0913-3781-4231-a344-2d0a57cbe094,2022-10-25,9048,19,mouth,Electronics,144.49,1
3efa0e24-00ce-4f94-9ace-6345ad24c723,2022-09-26,7062,61,maintain,Groceries,48.18,0
fb6f8756-9d67-4f14-bda2-eaeb86ca6bc3,2023-02-06,4403,80,treatment,Home Appliances,374.58,0
88cfc5f4-d265-4195-bd2e-b5c4f2c297e6,2023-09-10,9426,10,TV,Clothing,479.42,1
a7b544bd-92de-4292-95b4-f3a220d2c7b2,2023-01-01,4815,80,film,Home Appliances,462.54,1
8c685736-6fbb-4fbb-acdd-189876d180b1,2023-04-18,2890,1,year,Home Appliances,470.79,1
1cee0f3f-d018-47ab-a9de-dc3013e0a1ba,2022-11-01,3748,99,national,Clothing,442.08,1
5fa589db-69ef-445e-b745-22de84bf6754,2022-12-26,7871,76,tree,Clothing,308.75,1
b27c1bbd-d5cb-4d05-bb3b-358d442fc0ec,2022-12-07,1249,42,answer,Groceries,24.77,1
f760945c-83a8-4ba7-a129-c54bb6fe1f3c,2023-07-28,4267,35,word,Electronics,109.37,1
1a21f21f-a516-46dc-8c0b-a7055ae740c4,2022-11-06,1574,80,actually,Electronics,223.45,1
dc948a85-3576-447e-9846-0ebc16ff9ff1,2022-09-23,4190,50,none,Electronics,351.58,1
23683910-f55a-4e8c-95ea-1abfffa35b76,2023-04-27,6725,39,interesting,Electronics,183.75,0
b13e8a2e-f2d6-4e94-b250-d8fb96a10d29,2023-05-01,8484,8,road,Electronics,286.56,1
e3194846-4937-459e-82bf-a03876ded549,2023-01-16,4457,48,summer,Home Appliances,412.78,1
9130a78e-d858-48eb-91f5-b044c2aeca16,2022-11-13,8989,73,prove,Home Appliances,461.25,0
ec576c43-3fd7-4f93-87ab-539567e296b1,2022-10-14,8284,39,language,Home Appliances,49.93,1
41176fc4-29f1-4a3c-b485-81456bbee512,2022-10-27,6296,18,line,Home Appliances,12.2,0
eefec05a-b41f-4154-94b0-45da3cc9f32e,2023-01-11,4921,75,full,Clothing,338.98,0
784b28e5-22c3-4911-b0e6-6ce1e1e3361d,2023-07-14,3626,49,whose,Home Appliances,164.12,1
1b0404f3-b987-4453-9c79-3ba75e09f2e2,2023-08-18,1881,19,check,Clothing,202.4,1
06f9d277-be12-45a4-bde0-acc190b7eb23,2022-12-12,5153,17,cause,Home Appliances,209.14,0
d90d3d1d-ef6f-4d75-a328-deb394ae6b52,2023-04-26,3325,28,how,Groceries,208.06,0
b8623db0-b890-4a66-8eba-ee2900bb6ceb,2022-11-30,2591,86,likely,Clothing,89.83,1
c7b42483-1d91-4d8b-9c83-2705f8cf0b46,2023-02-08,8697,6,rock,Electronics,355.6,0
ea1fc996-34c7-4547-8b23-d266c357606a,2023-05-30,3816,57,painting,Clothing,367.61,0
be6076e0-f399-4149-a84a-2af80f9ed6bc,2022-11-28,2361,74,cell,Groceries,413.51,1
301001b1-2055-41f8-b219-bb87781a4719,2022-10-16,1368,17,tax,Home Appliances,475.34,0
08ef66ec-b1f4-45a2-9958-eb47794cf1ad,2022-12-28,6120,71,everyone,Home Appliances,49.56,1
c35f41f2-e2ae-4fe7-ac31-9872ac9fbcf0,2022-12-27,2624,46,whom,Electronics,108.79,1
11c2661b-b2af-4a71-bf55-ebdb09784e4e,2022-11-15,1824,34,with,Electronics,353.2,1
1f324c40-6ed4-4ed9-98a6-ca17fd25808c,2023-08-02,2011,19,agent,Groceries,263.54,0
186d70a8-9262-4f59-b7a2-3d93137bd26e,2023-05-10,6346,37,source,Clothing,380.77,0
5bd72e56-8e47-40d6-8898-d88e166549e9,2022-09-15,7654,60,personal,Groceries,28.91,0
729d0f8d-d6da-4d2b-80d7-5b0e42767b9c,2023-03-04,3363,27,fire,Clothing,324.36,1
5a6dca89-0ecc-4992-8d96-0f6b4bd1cc24,2023-02-22,6586,88,stand,Clothing,410.72,0
c3382fa9-1830-42a2-90ee-079c656d2c4f,2022-11-04,8876,53,upon,Groceries,327.72,0
2cec0c6b-e073-40cc-bbb7-b9a45912e2ef,2023-01-19,8716,16,theory,Groceries,408.01,0
6b097943-04eb-4eb0-9df6-3dcb11f71a41,2022-10-24,8094,52,magazine,Groceries,357.67,0
2bed9cec-2e03-4af5-9d75-bb13faedbb62,2023-08-27,8869,23,should,Groceries,243.48,0
bc3bb8f0-b421-4c6c-914c-9017d8f29554,2023-01-01,7457,84,eye,Home Appliances,276.29,1
386159ff-5873-46e0-8d5d-95e6a7ac4e52,2023-04-09,3692,85,any,Home Appliances,11.21,0
eaa40bc3-c512-4709-b6f0-afd1896efe3d,2023-03-27,4178,95,stock,Groceries,60.95,1
f082a0ce-a413-4a2a-b510-acadc8a5a3a8,2023-02-02,3556,24,site,Electronics,289.43,1
c1e0ceca-80fa-4d6e-937e-10be01fd2b1b,2023-05-03,2367,1,campaign,Home Appliances,261.08,0
f1dabde8-54b2-4d95-8da4-434a348638e7,2022-12-29,5384,56,later,Electronics,76.69,0
e5f9ff24-9ba3-41fe-be7d-efa862ed79f6,2023-03-03,3677,7,nice,Electronics,369.54,1
68461137-5157-456e-b4cf-090f278a557a,2023-02-10,7230,13,free,Home Appliances,444.11,0
7fc02352-1c3b-4f3d-b458-9705a79d4108,2023-04-09,1905,27,half,Electronics,212.78,1
675292b0-225a-46e2-8ff6-4338ff529ca8,2023-05-05,5875,48,by,Clothing,400.42,0
44590c6a-cd83-4290-a3e8-aa9a7f865525,2023-04-07,4622,66,common,Home Appliances,185.36,1
8c536aeb-dbca-45a9-a0e5-e9f3bbde3ad3,2023-01-24,7802,22,quickly,Electronics,36.46,1
a454d53d-7691-4678-a719-f9e793da50a9,2022-12-03,2579,61,around,Groceries,339.44,1
ff4eee85-51b2-4c45-98c5-912c16138dea,2022-09-16,7880,53,fact,Electronics,211.99,1
c8182b6e-99d9-46b5-9e1c-4da00625202d,2022-11-10,2643,49,operation,Clothing,403.18,1
70ed148f-91e6-4994-b951-2c4d5748d058,2023-06-26,8737,75,cut,Clothing,41.41,0
6398a336-26f1-47e9-92df-151f0b91f079,2022-10-08,1579,6,yard,Home Appliances,22.83,0
90d72639-3e69-4d03-8df6-2740f0085ea0,2023-01-12,1785,69,ability,Clothing,207.84,0
d40d2db0-d9ca-4ef6-a72a-3fd520c98ab3,2023-06-05,9862,86,under,Clothing,168.17,1
a458e208-3367-415c-80da-bbd8407d6060,2023-04-10,7605,33,industry,Groceries,243.5,1
4a69f3a9-2f42-4832-9e55-3fbc252989c3,2022-11-11,1637,90,all,Electronics,397.46,0
bddfc285-77a2-4699-89f8-ee4b7c84eace,2023-02-26,2001,38,at,Clothing,327.52,0
ee4aa34e-e321-4b0a-90da-4f18f9fbc86e,2023-08-29,5368,3,note,Clothing,173.47,1
789505f2-2934-416f-a0e8-7c2b055e0592,2022-10-07,3510,8,hit,Home Appliances,484.39,1
df2c9f62-14d3-4510-ac76-de448766d7f2,2023-07-13,7674,60,measure,Groceries,480.32,1
a9fc0093-8571-4aaf-b572-df5cc01ebb46,2023-03-28,1812,1,medical,Clothing,175.47,0
9406350c-512c-45ee-9e80-290362cb423e,2022-12-28,5523,86,consider,Groceries,88.67,0
1585694c-135f-46bf-a55b-5ee160296269,2023-05-19,7576,85,just,Home Appliances,323.66,1
d4322805-73ad-436e-a1bf-875b7e584f1b,2023-04-04,9162,27,message,Clothing,473.34,1
17df2940-542c-49ff-aecd-5c8a28b6210a,2022-09-23,4975,47,professional,Groceries,31.64,1
b5825d5f-85b2-461c-a56f-2d4bba059fb1,2023-03-20,1168,98,remember,Electronics,171.0,1
cac68e7a-1d16-48c9-a60c-0bc177557748,2022-12-23,6948,83,rather,Clothing,120.76,1
2e06a0f1-916c-4b3f-836a-11036b7ad8fc,2023-08-10,7125,41,wear,Groceries,188.01,0
7894360f-183d-41f4-991b-0d8ec96cbdec,2023-02-04,7299,16,hair,Home Appliances,199.39,0
be8842c6-c533-4a2e-a1c1-c67a2a4fbb82,2023-06-13,6240,55,point,Home Appliances,89.45,0
3dabcf16-9fb2-431b-939d-31ef9624f673,2023-04-25,3372,89,hotel,Electronics,346.6,0
1b97d79b-ae99-418a-a84b-61b68673067f,2023-05-21,4888,3,huge,Electronics,499.94,0
a37b65bf-4e79-49d6-9e5d-90073320bf9a,2023-01-26,9315,27,Republican,Home Appliances,413.8,0
fcec559e-6ba8-4bf1-8913-d97c09627617,2023-03-23,8197,25,each,Home Appliances,28.71,0
9497b632-99e1-4575-812e-d9769c39a85e,2023-02-19,3983,76,material,Home Appliances,290.77,0
9ca2fab1-6f38-41bf-aa42-5d35cba7a45c,2023-03-27,9435,52,yourself,Groceries,340.06,0
7dd05c17-d392-48d9-af86-8669b6a1250e,2022-11-21,2999,82,source,Clothing,215.18,1
bf83407f-bb13-4e81-9665-99fc8d9bc812,2023-03-28,7462,90,cut,Groceries,358.49,1
e222f86d-e4cf-4f2c-92b5-7ce1ed39cb93,2023-04-24,1607,16,once,Groceries,260.02,1
71a1cdd7-9e40-4156-b3ea-29445fd5e9be,2023-01-25,3152,33,turn,Electronics,45.79,1
06018e07-6b8e-471a-b054-2a525d93da3c,2023-05-06,2257,46,community,Electronics,483.36,1
c4cd5190-7049-438b-a256-bc82e8dc9dae,2023-02-01,3869,9,enjoy,Groceries,130.37,0
e03c1631-f14c-4741-83cb-412659f39bca,2023-05-16,6098,39,phone,Electronics,459.01,1
2aa125fa-067f-400e-ba47-a5d0cceb50a7,2023-05-05,6454,40,identify,Groceries,204.56,0
ddd88dc7-ace2-4fbf-bcf1-53336273e16f,2023-06-18,6454,76,dream,Electronics,419.44,1
a053e80b-9274-42cc-a3b9-11ed69b2105f,2022-12-18,7798,32,save,Clothing,275.75,1
7af0f581-8bf6-40d1-9006-3df721997922,2023-08-01,5649,69,rock,Groceries,439.61,0
ccbeab45-22c7-46ef-8435-bf01dc1c53c2,2023-01-09,4156,61,never,Electronics,309.37,0
3f7aaec0-1578-48e9-b90e-806407cf93a7,2023-08-12,7159,28,business,Home Appliances,271.89,0
9a243428-b6bc-41d7-a57b-ed560ddbc1b3,2022-10-19,2092,11,purpose,Groceries,359.6,1
51ebae7e-e105-4152-a2aa-29199f54e2bd,2023-02-07,6320,33,us,Clothing,368.19,1
152db119-ea44-4dfe-878d-11e760bf1a70,2022-10-25,3971,84,speech,Home Appliances,463.04,1
54524414-3e29-4025-af44-c753bfdc4b16,2023-08-24,4896,8,least,Electronics,306.05,0
cf467d67-a32c-4829-b3a5-94a4a8e42193,2023-06-12,7509,58,stay,Groceries,176.84,0
2af58862-346b-40c1-8e00-eb6aa3989fb5,2022-09-23,5861,45,Republican,Electronics,299.2,0
7400ca69-b04d-483c-a168-39d297b0e5a1,2022-12-14,2989,97,bank,Electronics,467.39,0
1550aec6-6c71-4480-a96b-e46ed40a30e6,2023-02-25,7591,76,single,Groceries,318.02,1
fdb4795e-25e2-4322-813b-a783359b7c6f,2023-08-28,2130,62,by,Groceries,318.83,0
79514c11-a390-4e82-a103-d7e56f708c4f,2023-05-24,2401,84,walk,Electronics,105.89,0
9dd3a873-1864-444e-bb82-53c524f25189,2023-02-22,8855,41,example,Clothing,364.49,1
2182c0e6-b325-44b2-b81a-4d45d951964d,2023-08-06,8936,66,response,Groceries,196.26,1
0edaad8b-bfc9-48c0-b82d-7c4b5207f381,2023-06-27,6409,9,give,Groceries,280.2,1
85e11af6-ec31-4f6b-a5ff-b37aa61fb86b,2023-01-09,2978,54,nice,Electronics,141.84,0
1d8b3992-06a9-4c28-9137-90bae95fe486,2022-10-08,6540,4,key,Electronics,179.97,0
980a87bd-4b87-424b-ba2b-4b6d1ea3c178,2022-09-27,7656,80,something,Home Appliances,310.43,0
7fae7d4c-867d-40cf-9d86-3940cfc023f8,2023-07-19,8743,42,another,Home Appliances,220.98,1
d9d08474-ce56-4013-8dfd-56de328084b7,2023-05-05,4469,27,look,Clothing,47.32,0
2fdf11e8-189e-4fd6-be5a-ba8973e84538,2023-08-02,4562,4,very,Home Appliances,391.12,0
feee80db-644e-42e0-9d55-b5de94a22b12,2023-09-05,5715,23,nice,Electronics,92.92,0
72563eeb-32be-478a-b89c-5ec6bc1c2554,2022-10-21,7028,69,operation,Home Appliances,121.84,0
ba375c96-57c0-4402-8623-63b05c58820a,2023-08-20,5646,6,animal,Home Appliances,411.3,1
d527dc65-e6c4-4a1c-b364-52121e776f4c,2023-05-14,4490,83,music,Groceries,361.06,0
d369b56e-46df-4f12-a530-b95c6b7eef03,2023-06-20,3833,49,model,Home Appliances,403.26,1
756d2093-5913-4848-84a6-2b0941338bed,2022-10-19,4072,17,seem,Electronics,450.62,1
1db9b4c9-466b-4a7d-830f-550e1f3d83dc,2022-10-08,2880,82,carry,Home Appliances,271.23,1
f79d1c56-8476-48c8-b9b6-98de86bf9872,2023-08-01,2031,10,sit,Groceries,492.43,1
1703c396-b16c-485d-abb2-8ddbc7e63a8e,2023-08-23,3115,18,fine,Clothing,124.92,1
9671bdb4-4919-485e-8b8a-84dafa5370f1,2023-03-03,7762,24,back,Electronics,201.23,1
e10f532c-4dea-4724-9a57-7bd4b5e03c28,2023-08-11,2675,55,direction,Home Appliances,482.67,0
fbb99991-bce2-4f44-a00b-4c3c5d79f3b7,2022-10-09,8428,78,soon,Home Appliances,344.88,0
ae421d5f-fa97-4020-84e9-7e09ce906cd2,2022-11-01,6537,35,three,Clothing,12.41,0
97b80d9b-959a-4b66-a6c8-1c275c15d519,2023-06-09,7182,1,whole,Home Appliances,351.45,0
89f2a356-1675-4841-8de1-0cdf9254134d,2023-06-27,8572,59,citizen,Electronics,301.94,0
4f0d4162-59f0-4962-8b17-b6188eccf471,2023-02-11,2752,64,use,Home Appliances,140.67,0
16d4c5ff-374f-442e-a374-54217e2cddc7,2023-01-15,2264,14,class,Clothing,194.17,0
246fab88-e2e2-40cc-ac1d-a115ed74f875,2023-04-07,8924,10,week,Groceries,66.55,1
6dce8d1c-8674-4666-bcee-c19300dcf203,2022-11-09,3747,63,suffer,Groceries,165.99,1
d78fa6b0-d2e1-4b83-96a4-6b9087a699df,2022-11-29,8005,95,court,Groceries,190.86,1
9db9c182-944e-46a6-a73e-39db2b217dbe,2022-10-22,7340,11,six,Clothing,336.61,0
e797fbc2-d345-4cf6-a72c-2a46561f5444,2022-10-07,4244,100,think,Clothing,462.14,0
aedb0af6-98ca-4466-8c69-5fe24338dd0e,2022-11-09,7891,89,result,Electronics,392.45,0
7aa96a35-9a08-4790-9b69-2269dbc1e2f3,2022-12-18,2529,46,top,Electronics,22.63,0
1cc8a1c0-6978-40d0-8ca6-9102a093a00b,2022-11-18,8161,5,idea,Clothing,440.54,1
de3a2b59-cd8f-4758-91e6-c1e0bb2f39d6,2023-02-16,4785,97,billion,Groceries,308.04,1
661d1b99-2312-4441-a08b-bcf19a27ca0e,2022-10-24,7477,33,today,Groceries,356.98,1
8a12468b-5334-4985-bda4-702f41dafb6f,2023-08-27,9408,71,right,Home Appliances,20.37,1
bcc26f22-f6c3-435b-80a2-acd80fd7799f,2023-02-27,4129,47,population,Groceries,93.95,0
50ca6fe0-89e2-420f-bf19-6a269824cdbf,2023-01-21,2517,87,top,Electronics,458.97,1
36063eb6-0fbf-4df9-8137-5367df263cd9,2023-06-19,2773,88,small,Home Appliances,173.92,1
d25e4e7b-959e-44e7-b704-ddd2c9ffaaf4,2023-01-25,6079,95,our,Electronics,29.16,0
cc832a6e-ad12-4fd8-9dfb-74fef95d0054,2023-08-05,9541,63,as,Home Appliances,141.66,1
959f4eca-a01e-4172-ba87-323c9e328c11,2022-11-12,7184,24,true,Groceries,279.89,1
2683b058-812d-40e7-a962-61c12e4a7294,2023-03-12,8088,66,tree,Electronics,140.0,1
3b61a3f8-70e5-435e-8a63-3a4a1df2bfc2,2022-11-09,4805,23,apply,Home Appliances,88.17,0
90eced2d-6122-4756-a875-5e3f5867584f,2023-05-01,4376,50,investment,Groceries,233.89,1
0e56c5b9-5f3a-4e9c-ac97-15df35e919df,2023-08-15,1697,32,forget,Electronics,202.69,0
26a587f5-00e9-40c9-9070-3899ac5010b0,2022-09-30,1557,76,radio,Clothing,140.11,0
123ac49d-ce6c-468b-a40a-8e7402171e45,2023-05-14,9080,93,once,Electronics,155.38,0
f28215a5-5a7d-4b65-99b2-b320106bf321,2022-10-25,2798,68,large,Home Appliances,77.93,0
37e0dddc-1035-4a1a-b316-fbd87d7c1464,2023-05-28,2111,80,Mr,Electronics,297.38,0
6ade2bf4-4bc6-4055-b0fc-de6b3d64b981,2022-12-19,2926,46,sure,Groceries,26.2,1
c5840309-1242-4539-839f-e53f4e43651f,2022-11-04,3959,20,bill,Clothing,359.92,1
d6d999e6-4a35-46ef-ba7e-9d409ba9da39,2023-02-27,9902,60,side,Clothing,284.18,1
592877ac-e458-43df-a862-f3450609c6b3,2023-01-03,1694,91,year,Clothing,437.57,0
90b4be51-e08b-4e14-af06-ccc937443b16,2022-12-24,9847,46,American,Groceries,128.43,1
a7571b76-7652-4cf7-92b9-4aeca6e32215,2023-08-06,5098,10,discussion,Electronics,144.48,1
cc1cda97-e030-45b3-adc0-3ea16027e61f,2022-09-26,5511,7,possible,Home Appliances,183.88,1
e62f342e-8e42-4f01-98fc-8f9e48ba0204,2022-11-29,3969,11,Mrs,Groceries,54.92,1
a18158bb-c816-447d-82b0-5b2ed72b6fee,2023-07-24,7780,2,spend,Home Appliances,120.87,1
e1fda6c2-bfc3-46bb-8b4f-df3c0b0f040a,2023-02-25,4077,66,Republican,Home Appliances,431.76,0
202c2e80-d168-4f5a-a0da-eb011802b1a8,2023-05-25,4460,95,TV,Groceries,151.07,1
c7a5cb17-b52a-4079-8e85-a926486debfb,2023-05-15,5977,37,around,Clothing,333.4,1
05410535-3a4f-4916-89c1-c2f193b42619,2023-06-07,7501,70,your,Home Appliances,198.33,0
85d1eceb-2555-43b4-8a1d-64863bf223ba,2022-10-22,3000,65,soon,Home Appliances,206.58,1
b4df15ef-3349-43a2-b14c-ec87a475f9cc,2022-11-06,5022,36,play,Electronics,122.04,1
5d6c8780-6db0-45ef-b5f8-bf5b1b47ffdc,2022-09-28,5587,14,buy,Home Appliances,319.76,1
cb58c645-de02-47f9-9613-0d126fbf52c6,2023-07-29,7429,50,test,Clothing,145.93,1
d9826fa9-ef4a-481a-a5f8-8d769253dd49,2022-12-10,3554,30,boy,Clothing,434.59,1
2bff5696-20b2-4554-bfff-2640af931bfa,2023-02-22,4394,41,color,Home Appliances,69.11,1
92430f41-94d3-49a4-ab15-17e44e6f8bfd,2023-02-12,5311,21,kitchen,Home Appliances,467.11,0
73fdfb15-5fef-4a78-9971-77a1f48907f6,2023-08-15,4379,26,throughout,Electronics,465.53,1
4865a0e6-11cc-4174-826b-5a7c9e031ebf,2023-08-28,1495,17,role,Groceries,122.06,1
3d76259c-2391-4d32-8bd7-1f541eb5a188,2022-10-03,9489,55,make,Electronics,487.9,1
513863c7-48e0-425a-b1c9-02e2e9311ebf,2023-03-04,8583,55,fast,Electronics,490.22,0
b54cbad9-d2a8-4bb2-aa2a-5b6b51f9c6fd,2022-09-25,9019,64,throw,Electronics,341.06,1
5f2a4f21-e253-4b28-bc10-9cd78c7982ff,2022-10-25,4557,94,it,Electronics,248.47,0
7546da43-7eb3-4906-9789-8e13c5c03697,2023-07-30,6600,12,ahead,Groceries,55.03,1
948773e6-4bc7-421b-8083-34ecc7c4d03c,2023-03-31,3485,78,cell,Groceries,446.58,1
17527500-1841-4020-92ee-8343fef1c15c,2023-09-09,3954,37,popular,Clothing,492.24,0
8d2b823f-fc82-4007-806d-e8fd9a722af8,2023-04-13,4218,48,apply,Groceries,209.19,0
4282a805-d820-46ca-9eec-79a167d934fc,2023-05-20,9329,47,education,Clothing,365.46,0
1dea2709-6d27-4f91-920a-e04e01217936,2023-03-01,9400,37,down,Home Appliances,98.6,1
9caaeafd-1379-447a-b879-3d74cfa4c130,2023-03-25,7758,98,hundred,Electronics,23.85,0
14179ecb-7b57-47eb-b8d7-eaa0d0908722,2023-06-04,6514,88,idea,Clothing,197.51,0
9d92175a-17c7-4da6-810b-803bc0c4c41f,2022-12-03,2315,78,goal,Clothing,67.08,0
fe8af730-bf30-45cd-9cd9-e1b99cafe873,2022-11-03,9589,99,protect,Electronics,49.97,0
ee4fcd0a-9137-4518-a41f-cce0a6284c32,2023-04-20,8975,7,leader,Groceries,425.41,1
273b38ca-d87d-4a18-b237-34b2a23a9d86,2023-03-13,2185,75,can,Electronics,42.72,0
4b38c54d-5c36-4032-b39c-fac3655a98d7,2022-09-13,2548,13,best,Home Appliances,121.21,1
17cc9e81-beeb-480f-8cb4-ae1d013ec21a,2023-01-21,9593,92,still,Electronics,242.6,1
3014e15a-22d4-47c8-9b0b-88893cb353cf,2023-01-25,1557,9,true,Clothing,112.95,0
bd97fef1-1650-40ba-b9a3-685df4a4b944,2023-08-22,2936,66,skill,Home Appliances,311.72,0
a93f18ab-3204-44e5-a69c-d2a66fa30b4a,2023-03-07,4535,26,year,Electronics,295.58,1
2141e659-addd-4790-bead-d7ade9ceb1ea,2023-03-13,8321,86,worry,Clothing,415.27,1
dcd73ab8-24fd-4fe7-b441-26793ae7296f,2023-06-22,5525,60,speech,Groceries,323.97,0
57021f1f-b7cd-46a5-90e9-037c7e2fc450,2022-11-20,4615,82,letter,Home Appliances,133.34,0
cbb888ff-9264-4967-b115-b55328ce4c8c,2023-03-16,4223,43,staff,Electronics,143.71,0
370eec62-4492-471e-978b-137f0fb4a127,2023-01-06,8242,95,capital,Electronics,314.2,0
249418db-f684-4b3a-a19b-da91d49a156a,2022-11-22,6092,19,American,Groceries,195.67,1
33df412f-d439-4524-a0c8-be8d1eb1952d,2023-05-11,1734,16,out,Electronics,108.81,0
af765276-2566-4376-bdee-a0fba11f72e1,2023-06-14,2436,15,machine,Groceries,284.2,1
c1de0d09-c88b-4518-ad77-e8efb3c7fe12,2022-11-17,9201,7,point,Clothing,71.03,1
3c589e21-30a2-4500-aaba-61be28a37c80,2022-10-31,5289,62,home,Home Appliances,97.55,1
1d568d5f-5f66-482c-b84d-e2ecd41136bc,2023-01-04,6395,6,dark,Home Appliances,73.15,1
fb9fa722-c0ec-468a-ab7c-b41a2dfde65d,2022-12-23,8802,77,Democrat,Clothing,48.49,1
dc6689f7-68e5-4533-b064-a7da5450b86c,2023-08-05,1696,1,mention,Home Appliances,411.84,1
d1c38a32-2467-436f-812a-5e8f294074f8,2023-01-20,9737,86,since,Clothing,131.75,1
3664f2f1-787b-44a3-82e3-74cab961ce25,2022-09-16,6204,37,somebody,Home Appliances,21.72,0
2ef3afb1-4a59-469b-a6e4-0896611eab52,2023-05-08,9276,100,company,Groceries,280.71,1
7616c9a0-bb53-4c7a-8671-49efa11b76fa,2023-04-05,4075,66,what,Groceries,119.75,1
23d5f5db-e845-4f84-aed9-696b0e3b1dc8,2023-06-19,9030,58,bring,Electronics,243.84,0
69109e53-2b27-4fef-92ea-d2d0b6f69dff,2023-03-09,8896,58,argue,Electronics,226.05,1
629b4e2c-6013-49bc-8acc-66b0adbbed91,2022-09-13,3857,27,manager,Electronics,303.73,0
85746111-eb16-4695-a22f-d68623bd5e05,2022-09-20,5918,22,section,Home Appliances,101.93,0
d3d1f4b7-0395-4a7e-b850-14b357355cf3,2023-05-20,9415,3,heart,Clothing,473.64,1
bdd564d8-1f22-4a97-a2a7-3e3a13d9efe6,2023-02-25,9541,2,member,Home Appliances,27.98,0
d06a3098-674f-43c9-a7e4-e8bf111fbdde,2023-05-17,9219,45,accept,Groceries,385.22,1
f7a51b56-d278-4a10-ba56-6262bd815277,2022-12-15,2320,65,third,Electronics,342.11,1
ea0cd128-6b02-463e-b8a8-4945286bab4a,2022-10-07,3006,52,form,Home Appliances,104.11,0
219d6534-76d4-47b5-bb74-53d5dcc7c521,2022-10-16,3402,92,seven,Clothing,395.65,1
e75698fb-38bb-4474-9831-fb4b6916b75b,2023-05-07,6683,92,future,Electronics,444.96,0
4012a05b-0f4a-42c5-bb0b-0d09bcfb1276,2022-10-17,3116,85,agree,Electronics,364.72,1
93f01e06-7561-4199-9757-b0c9feb2002a,2023-06-30,4309,89,white,Home Appliances,84.55,1
6ddf3776-e51d-4031-9078-9782054d9e92,2023-04-04,1880,75,national,Groceries,450.44,0
f8cbca34-cbf2-43bf-bf72-8caa6bdf16ce,2023-09-04,9996,2,security,Home Appliances,303.05,0
6dc040d8-d94c-40db-bbfd-b86fc85a0027,2023-05-12,5504,66,blue,Groceries,249.0,1
66927f5d-54f6-4f8d-a2d5-7dd9cd838ba3,2023-05-20,9999,93,improve,Clothing,282.35,0
693d3432-3733-428c-be96-bcef1fbb8a92,2023-07-07,3649,49,carry,Electronics,31.34,0
5be28af6-82bf-4400-a60a-5cde5f5a9006,2023-07-18,6204,79,thank,Home Appliances,227.18,0
ed5a4760-fbf5-48b1-8991-b1a5388f26fe,2023-07-10,4773,91,huge,Home Appliances,333.81,1
5442c44a-69aa-43b4-b5fd-afb10a80155f,2022-12-13,2906,59,according,Clothing,463.06,1
6fe10d17-3d2d-4840-989f-2f444dd0d6f9,2023-08-16,6681,3,image,Groceries,443.85,1
00d08f13-3700-467f-874f-4c961136464f,2023-03-03,6342,81,institution,Electronics,345.87,1
0e005bf3-a04d-48e0-8185-1df59094446c,2023-02-20,3200,28,already,Clothing,283.11,1
1baba238-a69f-44d3-8a79-4d428303f258,2023-07-03,6386,90,foot,Electronics,201.5,1
94d6c6c9-8dc1-4ef5-b23d-5428d681047c,2022-10-27,5328,53,not,Electronics,424.54,0
04f9d847-c278-4a4b-80e4-196a72f6ab42,2022-11-11,4871,10,during,Groceries,81.83,0
013c17e0-f6f7-44e3-b9a3-6280988f6d21,2022-10-07,8265,6,change,Groceries,378.31,1
70b7beb9-793f-4786-be07-b1e20f392021,2023-01-03,3102,38,care,Clothing,356.8,1
334b108f-79f2-4e62-9c31-02411c6de93e,2023-08-01,7591,6,public,Clothing,355.07,1
c9ed48f9-b010-45bd-a83d-ff94d2a6492c,2023-07-28,8565,38,former,Groceries,111.59,1
f99ba02d-ab9b-4625-820f-2581c4bb0fa7,2022-11-20,5097,89,improve,Clothing,275.01,0
441afb09-757f-4b72-b1d9-62714746cef5,2022-09-18,1556,77,finish,Electronics,480.74,0
221aaf1e-70fd-4072-be9a-dd2d1f1fd41a,2022-10-02,9799,57,memory,Electronics,270.11,1
3078a96e-2e2f-45ce-adf4-32654e760ff9,2023-05-29,7723,100,team,Clothing,196.27,0
3a9527de-aaf5-458f-809c-1d6705e6fea1,2023-02-18,2070,16,attention,Clothing,48.36,1
688697f8-0586-4610-abc3-aad30df0972f,2023-05-26,3243,61,price,Clothing,378.62,1
6d2cfe06-f1e5-4e5c-b464-91fca25bc1a3,2023-07-28,6317,75,anything,Clothing,312.34,1
18e29d1f-8c63-4920-b7ec-0d8c783b63b4,2023-05-09,6098,80,past,Home Appliances,51.02,0
9e3821b8-fb07-4fa2-8f7b-477b9d5fe05f,2022-09-14,1241,71,performance,Clothing,310.79,1
37689d07-4507-4603-b631-76645366e85c,2023-05-17,8822,48,statement,Groceries,85.16,0
596a7f33-f8ed-499b-93d7-de10bbdc15bd,2023-03-26,4638,8,agreement,Electronics,300.82,0
1909724a-2450-437c-b6cb-848fb0c8c436,2023-06-19,1233,83,weight,Clothing,197.53,1
87aabaa0-5ada-443a-ad7f-b1743bc302d1,2023-01-26,2481,83,moment,Groceries,121.87,1
87be5c09-c802-40f3-9423-959bc63119b9,2023-04-03,9439,36,citizen,Clothing,468.44,0
7b4df1be-95b8-43d3-bd86-f566c2dca7bf,2023-02-20,6935,13,huge,Clothing,164.61,1
7175a4ff-9d02-456e-9851-8013e8afa52a,2022-12-13,9101,36,between,Groceries,41.02,1
57049321-617e-4d90-8dd8-2e1a3c24889d,2023-09-12,8704,92,sing,Electronics,223.0,0
553f7cb4-ccd8-4e40-920f-92dd4a6a7723,2023-09-04,1938,43,government,Home Appliances,67.13,0
6b6cd046-f4fa-4dbe-9e56-f5b96d43c359,2023-09-03,5574,79,pressure,Home Appliances,383.2,0
20c5a38b-caaf-4f9d-a945-2cb0b6718d96,2022-11-30,2751,51,executive,Home Appliances,355.69,0
aecff77e-c311-42fd-8ba1-a03a1a28310c,2022-11-15,2947,33,spend,Clothing,318.37,1
380f0cb5-a439-4799-be43-664670257932,2023-08-08,6839,59,number,Groceries,66.56,1
5b8ad170-1ee7-428e-bfb7-ca868bc4bfb0,2023-02-02,5608,92,officer,Home Appliances,311.93,0
3d057c3e-aea7-4f39-9977-2d57191fbe0e,2023-04-15,4624,43,deep,Home Appliances,375.08,0
338c05e1-3b67-4962-a3f0-dd19846017a9,2023-06-01,2647,99,board,Home Appliances,175.99,0
c69f2f53-0774-4dc2-ad47-7c01d59e8fbd,2023-08-11,5755,55,democratic,Groceries,89.1,0
79e23cd7-8266-4004-a971-4f2d7c92e35f,2023-01-20,3185,23,community,Electronics,322.21,1
b8380ebc-8f54-45c5-b3ee-bf2685f7d886,2023-07-16,9265,60,mother,Groceries,77.46,1
b463a14f-6a3c-4fbc-b2ee-29eaa1e649ba,2023-05-19,1947,95,floor,Clothing,478.1,0
8adcad04-cde7-4086-831e-4a173f11575c,2023-02-14,1818,42,nation,Clothing,133.25,0
8726ac6f-5325-462a-af08-026684bc2a85,2022-10-22,5272,36,along,Electronics,432.0,0
90f3d9f6-9fcd-4dbe-be6b-777bcd2d8cf6,2023-03-02,2751,4,himself,Electronics,247.78,0
98248064-eecd-4d69-a339-2cf7a9271394,2023-05-24,5724,96,describe,Groceries,180.19,0
7a4ef4bd-e737-4df7-b7ea-42e91900e23d,2022-09-29,5965,13,expect,Electronics,497.82,0
77f868fd-e097-4c75-b3d0-28722df9d840,2023-06-25,6113,85,rest,Home Appliances,205.53,1
060dec8d-5b61-4820-ad43-0b9385cdf820,2023-01-03,1215,89,later,Home Appliances,180.72,1
622a5226-408d-4243-a35b-83c5496a0735,2023-01-06,6614,42,message,Home Appliances,487.18,0
bca69c52-23cd-42ba-bf89-1c68d1497b2f,2022-12-24,6814,91,usually,Home Appliances,115.87,0
9a75770a-ec5a-48a3-8769-41c3171eca2b,2022-11-18,2977,92,both,Electronics,145.64,0
f4648ad7-88bd-46e7-966d-6d411bcb7f1a,2022-10-29,9538,44,center,Groceries,50.81,1
7a914f86-c77f-4208-9118-923a0cdfe079,2023-01-11,8077,34,sometimes,Groceries,437.39,0
090f9f29-ff4c-46cc-87ba-273a9a7c77dc,2023-07-09,8274,80,sound,Home Appliances,51.44,1
51c8a0d5-409c-485a-9e5a-aedd0eeecf4e,2023-08-06,3109,89,statement,Home Appliances,403.64,1
ff777ca0-460c-48bd-9354-b81ef136dcba,2023-06-05,1577,40,you,Electronics,489.73,1
3e2e2f51-3762-4039-8e36-c4103b599911,2023-04-09,2167,52,security,Clothing,433.88,1
f7a083b8-0996-4ee5-ab7b-1947e88cf7fa,2023-05-16,1770,92,store,Home Appliances,256.34,0
af2787d0-8636-42bc-a526-2c77a333fac1,2023-02-20,2706,16,reduce,Groceries,49.38,1
c62feb44-9ad9-4d13-bdc7-cd9c127c5851,2023-08-13,3656,69,country,Home Appliances,95.33,1
d3f394a1-d78a-411e-9d9a-bf3ac43d478e,2023-06-26,5926,38,under,Electronics,340.08,0
ded04d52-837e-4a1f-8e62-b2eb48e50d12,2023-08-28,8960,32,shoulder,Clothing,21.22,1
203c36b8-b6c1-41d7-9ae1-3065c9ce7318,2023-03-12,2315,32,recognize,Electronics,47.33,1
3ebad2db-4050-4759-af1d-8390b2c53533,2022-12-09,9074,1,daughter,Clothing,165.29,1
492cb5a7-7011-4f53-84d5-3dd49998c313,2023-08-03,8165,9,they,Clothing,33.73,0
c50e172d-391e-47ec-b646-e39afbaa0f33,2023-06-29,9109,52,war,Electronics,426.21,0
08bb2037-ad54-4044-8312-4468eac3842b,2023-03-05,9330,49,daughter,Home Appliances,137.19,1
51c10af6-dc4e-42d1-839e-34f1037f1aaf,2023-07-09,6826,9,still,Clothing,215.11,0
77f48bd4-6775-4fa4-bd1f-8ce9036e6107,2022-09-22,7084,6,none,Clothing,134.2,1
654e165a-2c37-4c76-aa7c-bc698fe9c9a7,2023-08-05,5881,89,situation,Electronics,445.8,0
32398719-9a97-4f4a-956c-03eff7ea1005,2022-12-22,1205,86,finally,Groceries,217.59,0
8eb5d954-63fc-4d3f-96ba-33a1ac84b5fe,2023-01-09,5745,12,test,Electronics,123.2,1
2bb03e57-c487-4763-b991-bae7fbb1a884,2022-12-29,6910,3,prove,Electronics,25.0,1
d16871ee-4287-497d-8d57-78e717e50836,2023-04-11,6010,7,apply,Clothing,58.23,0
ea235a7b-0566-40d5-a294-98abdcb249e0,2022-09-21,8785,70,other,Clothing,480.55,1
4fa263fe-a7d4-4777-94cf-e9c0370d40ca,2023-03-12,4494,41,policy,Groceries,267.49,0
32f372b9-8415-4e55-becc-04391dfc03d3,2023-01-07,5817,3,her,Groceries,254.92,1
ca82f5bd-aec2-4e48-93e3-16e22a867847,2023-03-14,2364,12,high,Home Appliances,221.44,0
f7f89ca6-4604-41d9-bb2a-8b4d495fbbd4,2022-11-12,5909,60,see,Groceries,90.47,1
72c86be6-578f-4055-b321-c8fef381f0d9,2023-02-14,5790,15,your,Electronics,109.21,0
8c2e70ad-0671-4c46-ae5b-6581ca7e7654,2023-03-30,8356,76,place,Groceries,401.48,0
758bbe90-328f-40bb-984c-14573b1be626,2023-09-13,6794,10,building,Electronics,280.32,0
d0513ac3-8cab-4b2f-950f-5ff10d8c2706,2023-02-11,5439,15,among,Clothing,98.81,1
91b0c1a1-5670-4bee-ac2a-e641e6fb6a48,2023-04-28,2447,13,relate,Groceries,463.37,0
ff29fe3d-2ece-46c0-940b-c1016ec63e31,2022-10-22,9685,54,better,Electronics,129.24,0
6341ca84-0a97-4b9f-b4f1-4f58b5539800,2023-07-06,9962,90,plan,Electronics,441.72,0
34ec74e3-bfe8-4a5a-92f6-169bc166fd73,2023-08-21,4714,30,a,Groceries,375.04,1
dc2ab03a-32cb-4481-9d37-091b44913d78,2022-10-21,3065,28,question,Groceries,401.32,0
6899a3a5-32dd-4884-a9e9-1e25682d0ed2,2023-06-13,2745,66,its,Electronics,363.75,0
4b02f39c-75c7-434d-a466-67c0b2ed201f,2023-04-06,4558,83,cultural,Groceries,211.9,1
92af3feb-2313-4c71-ae92-81ec1517166e,2023-08-17,8693,2,market,Electronics,114.12,1
01af59fc-a011-4eb0-8ec8-4a3a36adcbfd,2023-09-09,9350,57,voice,Home Appliances,60.49,0
0b9c3c26-ebc3-49fa-a5b9-6bd58eb5846c,2023-08-14,9231,29,water,Clothing,450.57,0
a977d7e2-859c-466d-a869-dccd86cf4920,2023-04-05,3861,92,present,Clothing,481.17,1
f7b22933-8dcf-4ae8-b513-d7d6d153c030,2023-05-29,9573,58,along,Groceries,230.69,1
34e94dfc-576a-49f8-8ce1-8f6a53b504a4,2022-11-30,8256,16,treat,Clothing,486.76,1
5caca2e6-409f-4ae1-a79b-93b1ee39fceb,2023-03-21,3668,13,policy,Groceries,136.54,0
fd19648e-22ad-4aa5-bc35-d73651888b91,2023-02-03,8552,97,even,Home Appliances,297.16,0
edc679c6-f84c-4af8-bdf6-48d7dd1c4d07,2023-09-01,8085,24,activity,Electronics,430.42,0
865ce905-3335-4102-8b33-76acd6a7f1a1,2023-03-07,9827,26,value,Electronics,260.53,1
9750a7be-b6ec-41c3-bdcd-4bea33a67cef,2023-01-24,3757,20,contain,Electronics,132.0,0
538b857b-ab25-46ff-be0a-05ae29f43d0f,2023-07-25,3470,96,inside,Home Appliances,303.91,1
9024d360-6985-439e-8185-27d2c27f9ac7,2023-08-10,4602,14,two,Clothing,16.61,1
b11ad0ff-093d-4866-8718-6452e41aa937,2023-04-10,1738,67,feel,Clothing,336.76,1
d9d134a9-2306-472c-8be6-39a3ee98e81b,2022-11-17,4163,6,wind,Groceries,255.86,1
e3e161f6-1f64-4b9b-a807-c095b96bd58e,2023-07-09,7619,90,language,Clothing,75.47,0
5b201dec-95c0-435b-a5f3-5ed6d86e7c40,2023-08-25,5589,15,television,Groceries,308.2,1
4c2c330b-e866-41cb-83c8-309581c6a08e,2022-12-05,3386,76,energy,Electronics,157.7,1
75751b9c-7a88-4bc2-80c0-f2cbba27fa55,2022-10-20,4780,96,result,Electronics,411.17,1
523b22c4-ad5c-460d-be38-5a91c41017bc,2023-06-23,7955,37,add,Electronics,181.01,1
55e7ff15-3af3-4133-b727-cef80ca68685,2022-11-06,4879,66,standard,Groceries,203.97,1
ef68914c-b8f9-4f8e-8bfb-42225ce91c76,2023-08-08,3897,44,because,Clothing,340.55,0
2101f2b6-dc54-4319-8f4d-3b4e0283c950,2023-08-06,8461,59,street,Clothing,102.52,1
d5cd39e4-db5f-474c-a711-2845bb0087ec,2023-07-04,8574,69,prevent,Home Appliances,262.04,0
53cc2dda-0a7e-4091-922c-32228c053ebe,2023-09-04,9064,63,similar,Electronics,405.79,1
8a26bf58-0e5b-4ff0-9d05-34c4067abee8,2023-06-17,5875,95,culture,Clothing,459.36,1
c2c30167-b544-443d-b7ca-4491cfcfbdd8,2023-02-13,1047,10,professor,Clothing,157.81,0
6e58212f-cdf2-430d-a217-f2193f5c833e,2023-04-18,4931,23,whatever,Clothing,396.83,1
3339d1bf-946f-437a-973e-98da49d7c360,2023-08-22,6203,91,serious,Electronics,234.82,0
75dc83d9-1d15-4226-91a2-c79cf0fa3d77,2023-06-15,8067,97,admit,Clothing,108.62,1
39bbb044-6de4-4288-bef7-c3a18377b004,2022-10-11,8843,96,share,Home Appliances,489.71,0
f1cda75d-b2ff-41d5-9a5c-9e37678d623d,2022-10-09,5957,39,west,Clothing,470.38,0
cdd58e7d-10e5-44f2-9ad3-7f4e4196cb57,2023-04-18,2495,74,quality,Home Appliances,454.54,1
87e9be96-ec23-4689-9d3a-e14acd445512,2023-04-12,3884,24,red,Electronics,308.6,0
1f8291b3-dd0d-49b3-97ad-909e398ec324,2023-01-17,6804,90,deal,Clothing,340.5,0
46b3fad7-3886-47bb-8064-46196072aff9,2023-04-18,3654,7,upon,Clothing,20.12,1
8c9fee8d-bbdf-4c60-b9b0-d82d7ee08454,2022-12-06,2324,78,dinner,Groceries,481.53,1
0de7e24d-5559-44f8-af3a-a13e36ac7d47,2022-10-07,7200,39,worry,Clothing,413.37,1
e45c7131-8cf9-4cd1-9129-7dbde28cd9e3,2023-07-01,2334,51,season,Clothing,430.54,1
2556f3f8-75cb-42de-80d4-6e084ed58f5d,2023-09-12,8343,17,city,Clothing,393.21,0
56a38f4d-872e-4c65-a22c-1d2b1a8ad1a0,2023-01-15,2453,61,follow,Groceries,386.36,1
0f26ca99-aeb8-4fb9-978c-129e6b80476c,2023-01-09,4037,29,just,Home Appliances,182.87,1
e43a9e42-d081-4f3f-a2b2-3e535fcfb500,2023-01-15,8391,8,provide,Home Appliances,106.44,0
c8bd7e66-3439-4209-95d6-2b096a087b7e,2023-08-21,3300,8,particular,Electronics,253.19,1
db808011-5760-45f2-9373-6e7799557787,2023-03-11,9450,22,especially,Home Appliances,297.53,0
ce8381ab-7249-430c-a72a-282419cb762f,2022-11-25,9404,33,win,Groceries,36.54,0
d31d70f7-e121-4c59-8d45-629bf0b63baf,2022-11-16,5696,56,month,Home Appliances,326.73,0
f41c0387-2a24-4dd0-bc93-949a503f10db,2022-12-20,5678,74,four,Groceries,256.21,1
f769e94b-6fe0-442a-95f5-497c4e48d0b3,2022-10-07,7475,38,center,Electronics,172.55,0
d981a543-d95f-4a9b-b49f-0209f555f70f,2023-01-13,8188,45,according,Home Appliances,360.07,0
45f7b43c-bbfa-46f2-856e-c12806ccefb7,2023-08-02,6692,81,everybody,Home Appliances,164.9,1
f5a5ac0b-74fe-472d-af65-6ee3b126fe4d,2023-06-26,2096,41,free,Home Appliances,248.16,1
3aa2126a-19be-40b7-b85e-06297f70c2c8,2023-08-14,3264,21,give,Groceries,142.09,0
4de253cf-ac2e-4659-821a-4a2a6120eef3,2022-10-09,5243,10,cut,Clothing,234.74,0
37bb61ad-86dc-4d48-a43f-fe115b5fb540,2022-11-03,8798,71,watch,Home Appliances,450.04,1
f523dd06-fcbd-465d-9314-3c75744cfa87,2023-07-01,2740,17,explain,Clothing,283.87,1
8612b92f-3fda-4f71-ab80-344a22db6180,2022-10-02,6107,63,hotel,Groceries,216.43,1
1e0fee8f-2571-4432-a465-5ea5f23a2e7a,2023-02-03,3805,72,capital,Electronics,385.48,0
4f2c6aa8-a0dd-4486-91e9-0fac07faa03c,2022-12-26,1302,73,cost,Groceries,296.42,0
df5b5255-c3ab-46b0-bb8a-454a4568c2a2,2022-12-02,9856,47,begin,Electronics,375.91,1
5ed5682b-34a6-4aee-b81c-e042452e0ee9,2023-07-19,1062,62,dinner,Clothing,346.36,1
786d865b-2cae-4a0c-9822-b4b4361bf8dc,2022-12-07,4560,61,affect,Home Appliances,138.49,1
1f046265-ed01-434a-8124-1c25087002cb,2023-01-31,5082,33,way,Electronics,259.45,0
30dff8c9-0a9e-4fac-8964-0bbb04d4a935,2022-10-30,1873,56,bar,Groceries,13.96,0
175c5c4b-9998-4878-a37c-1f542c07a6f1,2023-08-19,5555,82,unit,Home Appliances,487.12,0
0c013ebd-f942-469c-ad59-b57b35081fcd,2023-03-12,5014,20,she,Electronics,209.97,0
ac81d0d6-a34a-4f2a-a6c5-86020e768bc5,2023-04-28,7148,15,pull,Groceries,163.51,0
1146e6e6-5a76-4e09-ab3b-d90f23d4aa15,2023-07-04,1241,31,help,Groceries,354.42,0
d32219eb-6801-4694-b1c7-851958a8949a,2023-07-09,8492,24,red,Home Appliances,33.87,0
69866dc3-2353-4b66-8238-768fc99b67a6,2022-10-18,7960,17,keep,Home Appliances,33.11,0
f4be0852-2681-4079-9f41-b93c62f186e1,2023-08-28,2360,52,seat,Clothing,284.53,1
c182173e-4e2c-4759-aa57-aaff7716ab96,2023-06-07,7451,14,less,Groceries,209.28,0
57c4c302-eade-4018-89f4-b4d17b24d3d8,2023-01-12,7315,85,act,Clothing,373.92,0
c9630771-68de-41fd-9247-dc952756b225,2023-06-11,8178,63,chair,Groceries,284.68,0
d0dfcb86-d90f-4973-81da-95936a016dda,2022-10-20,9891,6,picture,Clothing,298.39,0
9b0b79d9-cb4d-4b4f-a84e-118bbbeafc32,2022-11-24,4354,60,rise,Home Appliances,292.51,1
291a2359-35c0-4c65-9140-8dc492d8721e,2023-05-01,9221,94,seek,Electronics,133.83,0
ebdd954c-a477-4ff0-8e24-2be1584bf56e,2022-09-13,1215,80,interview,Home Appliances,433.81,0
7a9cd990-4948-4c83-93b9-c4470ca0bd8f,2023-03-25,6864,21,receive,Electronics,439.34,1
fa424e1b-30b7-438c-81bc-a8ec1d0d02cb,2023-07-21,4546,22,necessary,Groceries,85.71,0
155122f9-1435-45d5-a09e-3e5c4224c0ca,2023-05-19,8909,66,nearly,Home Appliances,469.77,1
fcbfd7d3-9872-4c55-8fe4-185b174bbe9e,2022-10-08,2158,30,here,Electronics,13.15,0
e37bb362-f50b-4466-84cb-cc4eb4efb29c,2023-08-14,5198,19,above,Groceries,171.83,0
a3f57c68-9503-4a65-ac33-9d4c68f1be98,2022-10-10,2327,94,hope,Home Appliances,52.21,1
f1b42c8f-1369-4913-b71e-d2313f3412a3,2023-02-09,3187,24,land,Clothing,231.02,1
8f5f688d-d025-4ee9-ba34-5a524820c86c,2023-03-29,1082,52,oil,Clothing,240.56,0
be1413e1-ecec-49b4-a26f-499d34387d5e,2023-07-13,4766,100,character,Home Appliances,49.63,1
45cb56a4-2df8-4f3e-a988-5dd4dbf3648b,2022-10-16,9847,22,difference,Clothing,390.51,1
1db11d59-13ac-4adf-bc73-15861d3f8069,2023-06-10,1666,60,arm,Clothing,280.13,0
e1faeb0c-2002-4ff7-95e2-efb88ae19af4,2022-10-08,6307,73,mother,Electronics,454.16,1
46e6b85c-3847-4817-91ae-d1bf025976ad,2023-05-01,7506,8,evening,Groceries,416.09,1
8cac2368-c6d5-4afe-b81b-742f3bb1c679,2023-09-08,8561,58,ready,Clothing,82.61,0
97943fad-7d6f-4024-9829-c5cc36360726,2022-09-16,7939,25,she,Groceries,86.39,0
62446eb0-2b8b-4886-b728-bbc2852b43e3,2023-08-09,4412,100,response,Electronics,335.49,1
789a8c02-4bba-4d0c-a016-c12dd1c3c323,2023-04-10,6849,1,walk,Electronics,286.99,1
0f172a3f-49bf-4584-a33b-ca22f2426684,2023-03-21,1559,71,establish,Electronics,207.04,1
464df6cf-ccac-4000-b9f6-2f5ede6b96c2,2022-11-19,8094,3,discover,Home Appliances,261.08,0
1c5d183a-c828-4608-b217-f2d1359bf4d8,2023-07-30,2105,23,cut,Clothing,365.35,1
90dfc756-e646-4a5c-bed6-631112c70142,2023-04-17,5056,3,phone,Clothing,398.32,0
7ddf2232-09f2-466e-a0d3-d41adcdc0e74,2022-11-04,7646,51,wish,Clothing,291.44,0
56917937-7503-4474-8df3-d680cfac1f47,2023-02-11,2531,57,serve,Electronics,190.32,0
665e6ad2-c0c8-4c5e-801f-8c90f5734790,2023-01-04,8564,84,name,Groceries,277.42,0
acbd90ad-c3e8-410b-a13a-1404c7586193,2023-01-07,9179,93,study,Home Appliances,487.53,1
021f116a-1103-48a0-aa8e-9c03dcbc6777,2023-07-27,8939,29,threat,Electronics,29.48,0
60a3229a-4eac-44cf-a85c-5f02641b847b,2022-10-23,4756,76,suffer,Clothing,177.05,1
7dba2830-3316-4ec6-8964-efdf7cb9cf79,2023-02-02,6030,95,order,Groceries,380.43,0
143b23f0-d8e8-4b70-bfa2-35eb766b525c,2022-10-31,6629,63,also,Electronics,407.47,0
3169d89d-010d-403e-960e-da20ad959043,2023-05-09,6619,8,agree,Electronics,330.63,1
07008b82-fedb-44a1-be22-9cce0b989c45,2023-03-07,5450,99,challenge,Home Appliances,344.87,0
9fca23f0-2c5d-43f3-91ae-a8bfc1956dee,2022-11-16,9402,63,again,Groceries,461.79,1
bd2d4542-7862-4232-9830-de2f7f95381e,2023-03-27,9335,75,sing,Electronics,267.7,1
f705bc9f-32d9-498c-abb2-02d50bec6037,2023-05-24,8416,44,somebody,Clothing,350.72,1
10ce266d-e0b5-41e7-b230-066a51420bf2,2022-09-26,5889,93,chance,Clothing,114.38,1
b9179322-873d-472b-931b-3e0c1bceb238,2022-09-16,9403,25,capital,Clothing,499.42,0
1c03a91b-3500-46c1-aa2a-61d8f14c2532,2023-03-28,1271,30,sometimes,Clothing,309.67,1
425849bf-c123-4a35-8c3d-3e65aed17cc5,2023-08-15,1543,80,ten,Electronics,489.36,0
02296c95-b8a6-435a-a436-a2e3ed1cc53c,2023-02-27,4364,29,station,Groceries,261.08,0
5448c13e-b1d7-4a95-aed2-7e1c6434d2e2,2023-07-19,2699,98,culture,Clothing,190.63,0
d52a6094-aa9b-492c-b3fe-640390fffced,2023-01-10,4094,57,leg,Groceries,113.57,1
49654e68-2be8-42eb-9145-c0f856c16a56,2023-07-12,7585,2,another,Electronics,471.73,1
7e964207-fb67-454b-974f-61ee1edbd887,2022-11-22,4883,27,fast,Groceries,315.75,1
b256ed4d-5f1a-475f-92b1-5b7be2a873c5,2022-11-05,8099,75,yard,Electronics,129.35,1
94ca9d65-5fcb-492c-8dbb-951a3518b5cf,2022-10-09,5845,48,she,Clothing,279.69,0
ca0ee318-e365-48b2-81a9-b42f2079ad95,2023-07-08,2846,5,tonight,Groceries,447.9,1
ea34eed3-fbad-44e5-91fd-331c14a8065e,2023-01-23,4220,24,practice,Home Appliances,110.36,1
23cc4c62-5def-4292-b2ff-a359da40c029,2023-06-29,6781,72,glass,Home Appliances,306.56,0
e68837f5-54d3-496a-a249-3fafef637286,2023-03-17,8398,62,economy,Electronics,275.0,1
1f2f8f58-a6b9-445b-bc47-a0ee8c922254,2023-07-20,1083,28,just,Groceries,200.95,0
a0f3545e-9e91-45a1-962d-bb168ca25ddb,2023-08-18,6689,72,tend,Groceries,183.43,1
f4a13a80-4027-429e-99dd-4a1bbdc4b372,2023-05-15,4591,30,matter,Electronics,368.13,0
0dad966c-47b0-41f4-bf63-bce4863935a1,2023-02-24,2776,93,civil,Groceries,478.73,0
79743eb6-81e3-458b-90f0-8d63de0e42b4,2022-09-29,6486,50,nature,Electronics,424.98,0
59335c43-3458-4bd3-8370-f4afd1b77534,2023-06-29,7780,16,majority,Clothing,132.92,1
3407cbce-b643-4d17-b624-bd2a76cb3820,2023-03-06,6246,77,piece,Electronics,215.69,1
e52b8077-fe3c-4de5-8aa3-f65d1d35d7db,2023-08-14,5760,42,relationship,Clothing,36.68,0
826843fc-222f-4026-bf6f-1abd37417275,2023-01-03,2158,32,pass,Clothing,173.98,1
613e4451-2e33-4ccf-abef-4d49eb762ea5,2023-05-26,5673,88,result,Electronics,311.34,1
dc2ac7a0-cd97-40cb-8d03-ac585fc21f03,2022-11-15,8215,72,similar,Home Appliances,161.35,1
cd1a91c6-c29d-4a6c-90ef-724a24ed7d98,2022-12-18,5095,82,of,Groceries,193.74,0
8b22faac-2049-4119-9842-c0d8d6ccf4d5,2023-03-27,8567,55,wide,Home Appliances,365.83,0
69a4e43e-5ff5-4818-a1c8-e8edbd6e478c,2023-04-30,4675,43,last,Clothing,258.0,1
d132fc02-8f38-411d-8496-da28f7922900,2023-06-05,6423,20,life,Electronics,478.29,0
5edef09d-c780-4c0e-9883-9eada88868ff,2023-03-29,1138,2,film,Groceries,451.55,0
0bc285c9-1c6d-417b-82ba-3587a9e70a19,2023-06-09,9213,57,western,Clothing,30.21,1
35efd47b-fd53-4a82-b163-0c01471157d7,2023-05-19,3370,19,employee,Home Appliances,54.82,1
8d459651-2e9d-47cf-a970-db20e3ea9625,2023-04-06,4011,88,week,Clothing,357.79,0
1e5814c4-bad8-48ae-aba5-9cbe2f6b83fb,2023-04-03,7840,63,thousand,Home Appliances,146.08,0
1c1f17f8-6b00-4c3f-b7a8-9715d504a0c9,2023-06-27,5172,57,ahead,Electronics,299.28,0
fcc98afb-3c41-4541-943a-a0031f7265a1,2023-07-16,7074,65,sea,Groceries,73.75,1
bbccbca4-f63b-4e0f-93e0-3ee6bdeb8e8c,2023-08-29,9802,100,this,Clothing,253.04,0
3e565764-2a95-4c23-b409-07309dcdd379,2023-03-09,7411,99,trial,Home Appliances,369.87,0
efe92692-58ae-4663-ae68-a3ef54e69b01,2023-08-30,3685,54,sell,Clothing,48.43,1
9627f916-9399-4704-bb79-af76f1da7027,2023-08-24,9581,80,ok,Electronics,487.29,0
81730da6-6a69-4af8-8564-60e7a5b120ea,2022-12-23,6740,78,discussion,Electronics,436.49,1
3a40c0ce-e5af-4a3d-a0b4-f76e7cb52b5f,2023-02-12,5256,13,scientist,Clothing,273.53,0
ba47528f-3f7a-4fa6-956f-3b4c83af929e,2023-07-14,7513,61,step,Clothing,380.13,1
15a6b6ca-582f-427a-a358-ff4978b64c72,2023-06-06,8396,56,fast,Groceries,49.97,1
9b9a85ce-23c6-4fda-a6a1-e36e0de23f55,2023-04-04,6329,67,official,Electronics,397.97,0
8a372c3b-047d-42ff-99da-b61d44f7acc9,2023-06-28,5835,28,however,Groceries,11.99,0
6015c37a-3798-420b-a085-d1c12a82c7e8,2023-06-02,5869,73,push,Home Appliances,372.76,0
af810b15-4d9d-470d-a3da-b275289980a5,2022-11-22,5611,39,beautiful,Electronics,214.92,1
8e363352-0a4b-48d7-8a6c-4d1d296e9780,2023-01-06,6967,55,good,Electronics,273.89,1
180fdfeb-13af-484c-9f75-28b2108bfda4,2023-09-08,5529,99,simply,Home Appliances,475.29,0
fe747f17-e2b2-4767-adc2-4c04c42a1124,2023-04-07,3929,90,thing,Home Appliances,233.75,1
9e177e27-6446-4705-8020-740cd6d9c227,2022-12-01,5888,10,show,Home Appliances,123.41,1
776dae1d-5cb6-40a8-b764-4d34f9968117,2023-09-06,4745,6,happy,Groceries,340.89,0
28fa3cea-b842-4029-8a39-fcf1aace531a,2023-08-15,1643,76,subject,Clothing,181.4,1
a702ecce-2586-4270-bc73-5e734749f247,2023-09-08,5174,32,machine,Groceries,273.94,0
02c2fd38-2fea-45ee-a0c4-949d742f11e6,2023-07-02,6745,54,meeting,Groceries,150.01,0
532c73d0-5227-4ec5-8e0e-c4f50b2fd9fb,2023-03-03,4728,60,letter,Home Appliances,95.85,0
77330676-7c5b-4b57-b885-a569110e221d,2023-07-18,1405,51,section,Home Appliances,263.28,1
2010b614-039f-4437-a3e7-a475191ea1a8,2023-07-27,7817,74,long,Groceries,80.65,0
0e9777b0-393b-41b8-9191-290ac08bf9d8,2022-11-25,6907,70,world,Electronics,383.07,0
328d9480-77d0-4c6c-a7a3-5d5f7fbee8eb,2023-06-21,5571,39,heart,Home Appliances,139.88,1
c1a413c0-0d17-4ac1-a4ba-931e2acb5bab,2022-10-21,5302,26,believe,Groceries,260.82,1
b94170ee-8ef1-4ce6-a0da-0cdcac895c7b,2023-04-13,4260,5,successful,Electronics,370.45,0
032a4c7b-9722-43d8-b33b-fdf772244416,2023-06-15,1459,25,inside,Groceries,388.39,0
4ccda59a-6a67-4e11-a619-502b271938bb,2023-03-21,9796,1,call,Clothing,331.47,1
9008c9c7-1769-4ad2-8eae-8cfb2b793208,2022-10-18,4419,31,thousand,Electronics,262.96,1
2a5583cd-f000-40f4-9db7-c09ad483d96e,2023-03-08,6086,47,receive,Electronics,112.97,1
33454c36-f265-41fc-9962-81ca48dde648,2023-06-02,5549,80,today,Groceries,495.01,1
76cb870f-4d54-48d0-8a7b-b6b8f2fdd41e,2022-12-02,7474,5,yeah,Clothing,69.59,1
6f1fea21-7246-47ab-a507-7b86e5e8e04c,2022-11-30,2999,88,raise,Electronics,377.21,0
770e66a0-d1aa-4533-9bfc-a8e6591634a0,2023-03-17,6620,80,will,Clothing,108.74,0
c4e981e9-a500-4c1c-8f90-a3d92e294e26,2022-10-28,5719,96,likely,Clothing,303.27,0
e7193e72-ce92-4344-8ec3-df102af99d0a,2022-10-28,8683,51,wrong,Clothing,444.89,0
7c877823-9466-427f-8337-82ca9ec3a581,2023-01-11,4052,84,federal,Groceries,267.56,1
20713b2e-a67c-4c8d-9346-cde0d0103b2b,2023-09-12,2520,30,success,Home Appliances,54.52,0
18bc5b8e-8d4c-4aa0-802e-a4478cef4ec4,2023-06-26,4404,58,moment,Groceries,305.86,1
9fb62d9d-f5ae-43f5-aae7-adb416da5ad9,2023-08-18,6822,57,Democrat,Electronics,304.37,1
70be1298-e56f-485e-8d5c-089dbd07c8c7,2022-10-09,6979,37,live,Electronics,339.6,0
420f2a76-4883-4377-942e-1d7518c1c4a0,2022-12-02,3781,81,memory,Groceries,181.89,0
fd1a2417-6efb-4cab-836c-f3b64aa2ba86,2023-03-22,1361,32,foot,Home Appliances,354.01,0
9b3a8e6c-f474-4c32-8c71-59e05f238f05,2023-06-02,5029,43,difference,Home Appliances,225.86,0
5699a0e6-3fef-4e7b-8576-ea896d7ab49f,2023-04-09,7492,43,media,Home Appliances,414.58,0
520501b7-9ddf-4ee9-bfcc-898154d82830,2023-03-06,1258,51,car,Home Appliances,232.33,1
8f23c3e3-2fb0-43bc-b165-29cdb353980b,2022-11-05,3900,61,movie,Home Appliances,419.61,1
b052a040-5ccf-4bde-a6f5-9c236e93fd78,2023-04-16,5479,47,blood,Clothing,171.23,1
c2a8d25a-7955-479d-b2cf-f5bcfbb657fc,2023-06-17,8600,13,quite,Electronics,439.87,0
072a0424-d91d-420b-be00-f031d3960da3,2023-05-10,1179,87,those,Electronics,415.05,0
b5b41f4d-0e22-41e6-bd14-2c5eec761cbf,2023-07-09,6308,57,town,Clothing,122.75,1
8c96e036-53b5-4a0e-ac8a-066fcb14fbda,2022-12-14,3563,60,recognize,Home Appliances,461.5,0
59ab0a40-9eec-40cb-a412-3d2a08984c9e,2023-03-31,3501,73,write,Electronics,247.61,1
0ed5f42f-a7e9-4b0a-8f4b-b2b77723fb9e,2023-06-04,9251,14,story,Home Appliances,372.21,0
e03cc4a2-de30-4c3e-8bd0-d2c3e49dbc43,2023-01-04,8846,14,dark,Clothing,258.86,0
a9538023-78cf-4b88-97ee-5fd655d622e5,2023-07-15,5054,54,responsibility,Home Appliances,186.15,0
6df92d90-e398-4362-aa90-b65362fbaa38,2023-08-25,8645,62,above,Electronics,497.4,1
344e3c7e-3c6f-4700-8b0e-9e9b8770c75f,2022-10-14,6061,17,never,Electronics,329.0,1
eadcdcd0-c154-40c8-b1aa-65b0a8862ad5,2023-08-03,4602,11,try,Clothing,203.43,1
2b4b519f-d81d-4b37-b39d-0b800fcf41ac,2023-01-18,3679,75,finally,Home Appliances,47.78,0
e9e89a21-425a-4180-879d-58db41b7d3bb,2022-11-14,1120,15,in,Clothing,268.09,1
35b9869b-960d-4926-9b2e-a3ea112ee377,2023-02-26,2521,42,attorney,Groceries,181.46,0
4cb2df81-bfae-41d0-8c96-9f1d03eac748,2023-01-20,5253,30,name,Electronics,439.33,1
8ed9b26e-d03b-43f3-b09d-c620163fc910,2022-10-19,7069,23,forward,Home Appliances,373.12,0
e962aeb5-01f7-4972-b669-111fd04e3ca1,2023-08-29,6830,20,break,Groceries,78.26,1
e03e0ddd-ff62-4e50-b8ff-3134ae768c54,2022-10-27,7024,17,doctor,Clothing,469.09,1
5347c98f-a738-49a9-92cc-6f548b3cb838,2023-05-01,3452,91,thus,Groceries,377.53,0
2f90edc6-a4f7-4081-82d7-59a3409a2309,2023-03-28,1568,12,site,Clothing,344.4,0
37275f85-b89f-416e-aeca-1e466aa24744,2023-05-31,3643,96,set,Groceries,59.49,0
28fc537e-e573-4309-b855-95e01b86f953,2022-09-28,4872,33,up,Groceries,24.75,0
983286b8-0939-4783-ba76-ec8f60e75feb,2023-07-22,5625,74,again,Groceries,238.17,1
db59b647-57c9-427d-8b39-514efa8eddd5,2022-10-12,2250,35,pattern,Clothing,354.33,0
29b8a8be-c368-488a-95be-cc562714edd5,2023-06-03,6711,77,together,Groceries,126.42,0
372ce8e4-18df-4190-8a8e-4fd961f4b64c,2023-08-31,5092,69,military,Home Appliances,477.77,0
cfcb1be1-09c5-4599-8b52-289f2a476da7,2023-04-01,8935,64,quality,Electronics,16.45,0
756990d4-558b-40be-9944-961eb6da2514,2023-03-03,8980,52,cold,Electronics,433.44,0
d28c1904-77fb-488d-abf8-83a7d9dc1057,2023-07-13,6393,99,front,Electronics,43.28,0
9584e6aa-3c52-47ee-ac08-cde3e924c887,2022-12-05,8513,92,hard,Clothing,142.07,1
f1a28b07-15c9-40cb-a5a6-3144301619ab,2022-11-14,7040,76,eat,Groceries,293.38,0
4291ea96-2051-4c3a-b00a-66a5a4931eae,2023-04-04,1453,97,wear,Electronics,79.27,0
76346899-81bb-4899-9b45-8c93445f29b6,2023-03-22,3414,68,different,Home Appliances,180.05,1
c1e9ec19-fd0b-48ca-a8b3-9df80ef9fe27,2023-06-22,7184,27,machine,Groceries,201.34,1
355a26ca-319b-4344-bc93-d594f2987573,2022-10-05,7328,49,situation,Groceries,329.92,0
9e293bc8-bb58-45fc-911a-11902ab348db,2023-05-10,9840,20,order,Groceries,300.35,0
cde4ec78-e455-4a22-9709-d69fc28085a3,2023-03-02,2601,76,those,Clothing,437.58,1
a2062d96-5efa-4960-bf4b-bb991218641b,2023-02-15,1626,100,heart,Electronics,166.64,1
2e7ea6a1-2f9c-442b-a5fe-e640e800f43f,2023-04-26,4224,9,police,Groceries,216.21,0
6035de4f-801b-41c8-a467-45e822261e80,2023-03-03,5479,96,consider,Groceries,358.3,1
ea526180-9d23-439d-96cb-af7139bee41e,2023-03-02,8563,30,learn,Clothing,462.76,0
7f671693-d1d2-4463-bfde-ec565aadefcc,2022-10-31,5417,30,western,Home Appliances,228.13,1
2f994cf4-5602-4117-9ae3-096e27214140,2023-02-24,1780,55,teach,Electronics,126.08,1
31f6d567-5dc2-4f79-962d-2fb36e5138fe,2023-04-14,8262,29,camera,Home Appliances,452.6,0
f6afe83e-6189-4c44-8eeb-732f195d24aa,2023-01-22,7763,31,task,Clothing,190.28,0
2ae5f9d3-1a4e-4da2-9066-2bc74bbe30e2,2023-02-24,2401,64,police,Clothing,199.3,1
48cec884-256a-4a22-9d0a-7cdafccd2212,2022-10-25,5062,90,yeah,Electronics,35.46,1
fb63483f-9363-443a-9c64-935f11c2b4cb,2023-09-07,2449,4,concern,Electronics,260.09,1
b91174c5-ef02-427d-aaa7-3accc9f3cb8e,2022-09-13,4109,85,big,Groceries,239.42,0
f217c856-f915-4b9f-ae9c-08bfeca1df88,2023-08-25,2111,56,which,Clothing,88.56,1
18e9dd39-7c59-4ff8-a68f-87faaeacb12c,2023-02-10,3685,75,must,Electronics,62.42,1
56968cc8-1c5e-4256-b59d-98fdbc8bcd63,2023-06-16,9945,58,board,Groceries,106.94,1
bac27f7c-ede7-4d08-88d3-954269d9a76d,2023-07-11,6895,57,character,Groceries,262.54,1
bcc7a4f7-46cb-4a26-b1a6-1eb22e619820,2023-05-03,7696,55,from,Home Appliances,141.38,0
1bc77698-c4ee-4d83-a1e2-9b2b1f696ab8,2022-11-17,8908,74,born,Electronics,111.8,0
be95494e-3f1d-465d-8b44-fc32b7affe1e,2022-10-07,7774,85,seem,Clothing,332.2,1
3f67d8b8-f1c7-478c-918a-e9e0c42b9fe9,2023-08-15,7115,18,apply,Home Appliances,168.07,0
982bb684-32ed-415c-a51e-d07199b73f22,2022-12-11,1462,8,hold,Groceries,171.91,0
c50894db-a62a-42ef-9cce-d5bb8263f07d,2023-02-05,1718,15,indeed,Clothing,481.44,0
ced708da-f765-4395-b1ad-8f0a9c487c68,2023-08-21,8907,86,character,Electronics,185.17,1
78854c3a-558a-4278-9786-a784f0bda9b1,2022-11-05,2989,14,meeting,Groceries,226.29,1
ddbe2480-7f2f-4db0-8bd8-07a7bd7f8125,2023-02-19,8965,32,grow,Clothing,219.57,1
79737697-a167-488f-b0b2-9db5c06534cb,2023-07-27,2022,1,itself,Groceries,188.67,0
3355b82b-420c-4944-b21f-db3fe23dc137,2023-04-26,6243,16,throw,Electronics,283.24,0
0098ea37-5943-438c-a03a-97d61f21ee8a,2023-03-20,1538,48,develop,Home Appliances,57.07,1
979f8f6e-d6c2-4f58-9aeb-0d3095675881,2023-07-24,2908,19,structure,Groceries,330.75,1
110ff582-3052-44fe-ba6e-596037aaf113,2023-05-28,7509,18,trip,Clothing,322.16,1
be99aa57-e50b-4df3-a3a2-8339caceca95,2022-11-05,6737,93,clearly,Groceries,38.07,0
169ee0ea-98bb-48a5-b5e3-60eeba51a53d,2023-08-28,2486,62,religious,Clothing,157.67,0
1f9f8ba5-acda-4a2d-b6af-1e99f0c1a577,2023-09-01,6942,15,guess,Groceries,283.37,1
f522d519-010f-4d6c-a5d9-d1068adf580a,2023-02-04,5969,99,live,Groceries,10.07,0
669af91c-ebc4-4828-939a-38f139c8a826,2023-04-10,2234,84,local,Clothing,55.65,1
65f11872-1367-48d1-807a-51d41e0d83ab,2023-06-09,4541,88,rather,Groceries,231.64,0
9d7d2df3-07a5-4e95-b7d6-0a5256e8a293,2022-10-13,3887,87,hear,Groceries,193.5,1
fc36a506-2280-4a0f-88a4-16d769528fe7,2023-06-12,2939,26,simply,Home Appliances,138.15,1
494cf289-0e12-4b5f-bb9f-c02a1cd86948,2022-09-29,7536,86,statement,Groceries,206.16,0
f7cd89b5-4efa-45b9-8a62-ff3c4d7bec50,2023-08-06,7862,45,owner,Home Appliances,62.5,0
4f3bef29-434b-4a5d-8e18-d11a2a65f465,2023-05-04,5491,48,speech,Groceries,163.11,1
