Transaction ID,Date,Product Category,Region,Sales Figures,Costs,Profits
38283e68-8e3e-4ec1-a2ae-05adb5726359,2021-02-13,Home Appliances,West,8459.78,3801.87,426.37
40e89a3f-9cd9-49e0-9de9-129de4343ad2,2023-05-19,Groceries,North,2663.28,2580.81,410.88
b7805e0d-5c57-46d9-8cf6-f2408a8f4268,2022-04-01,Home Appliances,North,7859.61,1551.4,481.83
9847c3c2-bb5f-4a82-b00c-c60ce1565888,2023-05-08,Groceries,North,5875.48,4545.16,509.64
56ace083-a0f9-43e5-8d30-b74f6bdc45ba,2021-05-17,Electronics,South,2890.19,3791.23,622.19
86d432e6-f904-4e0b-b336-26241797104a,2021-02-09,Electronics,West,2580.01,4553.24,982.96
96400269-8406-48cb-a333-ad6ae83234bc,2021-02-01,Electronics,West,8121.15,4515.72,317.05
fb95d406-1bab-4fe3-b03d-fab4eec39ac2,2021-05-22,Home Appliances,South,7325.33,4499.25,687.14
5e67d076-16fd-4213-8b46-87bff8db23de,2021-01-03,Electronics,North,4774.21,548.47,439.83
1b1ee092-adc4-4b7e-8312-a577b6cc5966,2021-09-24,Groceries,South,6147.78,4569.4,966.94
c39d89aa-92db-4295-b47b-ea950d2b5ae4,2023-09-07,Groceries,West,4822.4,4333.28,267.89
3788ca23-7f0e-4015-b9eb-3910c8fedd7a,2021-11-18,Home Appliances,East,8069.78,2766.06,23.9
ea195d9e-6768-4886-a212-7eb570ec5c9c,2021-10-30,Clothing,East,7225.08,2024.18,826.6
b14e3950-baeb-45d0-9d69-bf33baafb114,2023-07-05,Groceries,South,6714.72,55.66,498.64
9ccea07c-4320-48af-b678-7e76bdaf8981,2022-09-09,Clothing,North,8689.27,1257.36,331.95
f212cf58-63ec-4697-a982-4a6d4a945765,2022-04-29,Home Appliances,South,8717.67,995.78,571.84
d8e102fd-5fba-4699-be72-80d7cf2a4103,2021-11-25,Home Appliances,West,2462.3,4839.32,805.15
3d2a1ff8-a454-4181-a6e4-86fc1a93b451,2021-04-10,Clothing,South,4534.9,448.21,326.85
9f2d31b6-606d-4d67-b977-6cd743e2b19b,2023-08-30,Home Appliances,East,5128.61,4667.53,117.97
c263d8e0-96f3-428c-b65f-dfd6ef884027,2021-06-25,Home Appliances,North,5557.55,3547.48,551.97
9635c75b-79f8-4569-ac24-7f1175ef42ae,2021-11-22,Clothing,South,8163.22,2724.4,964.2
01ac875a-a947-4301-a8f9-47a5d0fcdf62,2020-10-18,Home Appliances,North,6071.54,2958.7,450.54
f7a0a3b8-e325-49e3-976f-9587ba24bdbe,2021-09-29,Home Appliances,North,6003.24,1955.26,579.89
dbe5ea5e-53aa-4107-96b1-f9b916ff23ca,2020-10-18,Groceries,North,2974.26,987.49,194.86
8b405ee9-b147-4884-8294-8eb783eeb893,2023-01-16,Groceries,East,6166.45,3300.46,481.77
eabf64ee-a36a-4706-9fab-d35b61423a54,2021-08-19,Clothing,East,989.26,3800.14,878.0
249192b4-8331-4bc6-925d-eaebadcf5352,2022-05-16,Clothing,East,9241.47,4220.18,899.19
f0f81b6f-3885-4c19-93a9-cb0a30e46902,2023-05-19,Groceries,West,9238.52,2725.97,397.38
ef98a9f2-ce5a-4ce8-8dcf-0f35ad017c64,2020-12-08,Home Appliances,West,7082.31,1414.39,813.51
a3f63d45-7f77-4c34-bd1f-925c185f304a,2021-11-09,Electronics,East,8509.91,4480.44,593.9
94d02c1b-7b6a-4e19-bc28-29e8ff60b3f4,2021-11-22,Groceries,East,9502.67,2919.49,456.06
794501a0-4cd4-4ed4-9842-a089f5df1f3a,2021-05-17,Clothing,East,6636.43,4981.48,917.77
40b73eb7-0ac7-4588-a980-8118899bdd6b,2022-11-06,Clothing,East,7953.92,457.75,616.66
b6fc1972-f3b9-4fe1-9117-69e9233b4aa9,2022-01-06,Home Appliances,South,4915.8,3169.23,846.63
4272ad63-ebd3-45b3-8011-8cc7145d44a3,2022-10-15,Home Appliances,South,2506.05,3670.87,125.96
0697f7dd-645c-41c9-ae20-7c1ff729feb0,2022-05-01,Home Appliances,West,2282.56,3983.19,339.21
43bff958-e9eb-410f-9727-227de2d31c75,2022-10-01,Clothing,East,8177.54,548.01,154.89
d6bf8cfd-8f03-4838-b24a-3ef99a6d17bc,2022-06-26,Groceries,South,7006.94,273.91,578.13
518d9506-c65a-41fb-b8b3-582a732af4ab,2021-09-20,Electronics,North,9109.16,2694.28,683.78
828a9f48-9f1e-4162-87e7-816b684e8628,2023-09-13,Groceries,North,364.3,3193.25,610.28
90bfbdee-fcfd-47ba-b3a6-17ffa0de83c0,2022-06-10,Electronics,East,5801.93,1986.49,376.44
78e2bd8f-54d4-4c03-ba80-5376fcb28b0c,2021-07-01,Electronics,North,9807.11,230.14,31.42
d8b2ee3e-1d06-4c69-bc72-ec3d98454e8b,2021-03-25,Electronics,North,9614.21,965.61,132.66
eba6f24e-b9a0-4c5d-9663-c6c7a4282111,2023-03-07,Clothing,North,2184.71,4013.7,937.6
b3ab2871-f3cf-4e50-ac8d-c9febacfdeb6,2021-11-09,Electronics,South,325.55,2156.81,110.49
772e949e-6ca1-4aeb-a0b2-22ae6cdcf804,2021-12-18,Electronics,North,2673.21,1143.1,650.46
fe235388-47f5-42b4-86e7-16fd2f024c86,2022-01-26,Clothing,North,3567.91,942.57,508.6
38ce8b51-0432-4fb3-8f3f-de4db45e164a,2023-05-09,Home Appliances,South,489.85,549.56,988.35
54da25b0-21e1-45ba-abe0-35ecc3cc467e,2020-10-04,Home Appliances,East,2073.62,1824.85,734.28
3f584637-be02-4c0e-9af0-017957b38162,2021-04-17,Clothing,North,8399.43,4596.49,177.73
f7de22b4-a706-4106-95e9-3dcf9107186b,2022-11-13,Home Appliances,South,6759.14,4834.42,67.47
9523ec75-c983-4e60-af54-cb15aa318ff9,2023-05-29,Home Appliances,North,6794.4,4234.85,348.89
a6b7ac42-ffbc-4d4f-88ad-38620ebb3a4f,2022-01-17,Home Appliances,East,2581.8,3004.12,447.89
b540f3ec-e9ce-4601-a594-68b2beb05153,2022-11-27,Groceries,North,1830.71,2384.55,415.81
542de3fb-97d3-405c-8e90-8f34b5acf74d,2021-12-12,Home Appliances,North,5734.22,2567.57,318.33
b9cc6a50-1e76-4ba3-bbe6-3ee2fcc8a295,2021-02-22,Home Appliances,North,3635.8,4196.42,258.42
b69cd0d4-8b8c-4d34-9f02-51286ad9b17b,2021-04-01,Electronics,South,5649.94,111.56,744.16
885e3d12-d170-4fc7-8666-d526f624c9aa,2021-07-18,Home Appliances,North,3425.57,276.2,288.07
b5260e83-5804-4250-8238-a538871ea962,2022-02-20,Groceries,East,2477.29,4767.99,358.7
c4253044-5ae2-4ea4-852f-96b42390248b,2023-04-03,Clothing,South,2949.99,1828.05,947.44
7bd2da1e-94bf-4b8f-863c-0d6520ff1ea7,2020-10-07,Electronics,East,6374.1,3124.33,718.46
79a26452-8417-4e9b-959b-32af7818d898,2021-06-22,Electronics,North,3941.37,2101.37,654.32
a0394593-1042-4fb5-a092-eecc5948fc2e,2021-02-22,Electronics,East,115.09,1001.93,341.06
098e6a40-e09b-42d7-8bd1-6cf5287a28a6,2021-09-19,Electronics,South,2470.22,3205.13,384.86
8b59389b-5e27-42fe-b96c-c937716e001b,2021-02-14,Electronics,East,8766.69,2862.35,420.26
c2d25797-2c1e-4535-8329-5db459663808,2022-01-26,Electronics,North,4082.44,3524.06,424.04
cecf1866-72c7-4738-9d5e-2962aeda7037,2023-03-11,Groceries,East,6655.74,281.56,450.9
0fe0e54f-fe87-4ed0-83d0-4eb0c843fdf7,2023-05-18,Electronics,North,2666.35,830.55,532.3
8b23abc6-f1db-46c2-b247-24dac8e5453b,2022-11-07,Home Appliances,East,4923.93,2828.95,757.93
48342a77-557e-4b7b-9cf5-da0562614fc0,2022-04-14,Clothing,North,8850.36,2498.18,318.94
34681918-405c-4627-9591-304bd010a680,2023-01-09,Home Appliances,South,4722.23,4054.78,876.27
ee6a0fbc-5035-4522-a415-c87890948d77,2021-06-22,Home Appliances,North,8142.91,980.61,999.43
d0283d21-c55b-4131-b0bc-3bd683df5f7b,2021-12-08,Groceries,East,6367.58,463.16,728.3
2c86acd3-d17d-4164-bd36-e66b6b08825d,2022-12-07,Electronics,East,9869.53,2038.99,681.73
aaa9e754-26c0-4662-bc5c-8c28d128d0c2,2020-10-23,Home Appliances,South,3230.15,1106.95,720.15
e93ea912-bfc2-4258-8444-31ca2447b1d0,2021-08-11,Home Appliances,East,123.34,4122.52,533.06
9481db83-51b9-4183-be2d-243cc68b7bcf,2022-09-21,Groceries,West,1068.06,638.57,652.77
a7c3e78b-2c02-4bd3-9be6-18c83c72d298,2020-11-28,Groceries,East,8749.17,1435.91,978.73
bf49f094-0328-4952-95c1-7add290013e8,2021-12-18,Home Appliances,South,1091.79,4276.99,402.73
d81a29d4-e2c4-4b0d-ab1a-62452450b12d,2020-09-19,Groceries,East,905.32,1409.83,458.45
b4d0471f-fa5c-476b-a5a2-5478ee4558da,2023-03-10,Home Appliances,South,7944.18,4313.73,142.09
70770558-b349-42c9-9624-f6267488b9a5,2022-02-15,Electronics,South,5256.57,3271.38,353.58
f20202f0-5ec0-4bff-acdf-1107ef1279ea,2021-07-04,Clothing,South,8731.45,1428.13,28.39
83c83891-f62b-4048-bed4-ed466ac96099,2021-07-21,Electronics,West,502.57,3420.93,562.77
1e11f285-879b-4138-9cc8-e25ebd13f2f8,2021-05-18,Home Appliances,East,9470.38,4695.27,910.75
53f836ec-6b37-40f4-b0fb-4cf72779d3e8,2020-09-18,Clothing,West,515.84,3758.22,704.31
14c0f5e5-d825-4057-9d73-eb6063484331,2021-11-11,Groceries,North,6588.08,3576.17,903.68
915f26ab-b12b-4ee7-8ffa-7e2174929805,2022-04-28,Groceries,South,6437.4,1893.62,542.55
26e15a78-f5e3-45b1-ad4e-b0392353e094,2020-12-28,Groceries,East,2157.66,2956.27,18.81
cf846001-e1c0-4adf-9e16-eccc0b30d5fa,2022-11-17,Home Appliances,West,1595.13,1700.37,791.73
9a833da4-457c-4b81-ad59-c983de5053c8,2023-06-03,Electronics,North,7213.14,1724.37,624.33
ea40dff5-698c-409c-bf06-378c07119c80,2023-08-18,Electronics,North,507.91,861.11,982.09
02b11655-2732-40c0-8c4c-743b872b526e,2022-02-09,Groceries,North,2966.36,2004.22,553.0
e1922463-302e-4709-a40e-1ff4903be0ed,2023-03-25,Groceries,West,3004.73,2416.42,247.31
f6eaee27-dd04-4f5c-9151-03ebe37040ff,2021-11-18,Groceries,South,577.74,938.95,527.82
d88b5225-660a-4a4c-9e6b-a3a9e6cb4f3f,2022-03-10,Electronics,East,801.54,2045.69,335.24
f32716e3-8dca-4066-9177-e3995625c0e2,2023-07-20,Home Appliances,South,4205.74,542.03,909.57
52e09f36-64e2-49a6-931a-afc9a40c4675,2022-07-29,Clothing,North,4792.65,4212.2,976.47
2068c078-7ef0-449d-94ea-245a79e06fa0,2021-10-03,Electronics,North,3502.15,2421.48,702.6
84d1a824-694e-4443-8c0c-4d68dd7d0ddb,2022-01-02,Clothing,South,4322.7,1544.42,737.4
8d1d3b29-8a76-4b03-85dc-c5efcd9f9c3a,2020-10-30,Home Appliances,North,8954.56,4602.46,630.47
76951f50-aa95-4695-93c9-7435bb86194d,2022-12-27,Home Appliances,West,3818.16,4874.07,642.49
2905d14d-4a17-49d4-8632-a298fa4b0a92,2021-06-01,Electronics,North,751.76,469.11,752.37
a9e6dbd2-bc45-4e52-8c0a-ce089080432d,2021-03-16,Electronics,West,705.45,88.86,399.87
59a2fdbe-7dd7-4ccf-831d-95496844ae80,2023-08-03,Clothing,South,5238.14,2270.29,493.73
cc3a0f05-9823-4e2d-b437-a7ed8da9e9fe,2022-11-30,Electronics,East,5890.4,3412.55,428.81
82e969de-a794-4aa9-817c-327e95ee9ba9,2022-02-20,Electronics,South,3746.48,4942.87,268.31
6f5aa71d-5ec3-4b6e-a69d-625ebd901064,2022-11-05,Clothing,North,7793.29,2184.54,364.94
02507e2e-92c4-4766-85e1-fc12e2bf2f4a,2020-12-26,Electronics,West,732.19,4324.72,704.98
13381020-bd65-4397-bda1-d69faf12242e,2023-03-01,Home Appliances,South,9039.81,2285.48,680.15
b033fdc7-f3db-42cb-9f1e-76169522474d,2021-10-30,Electronics,South,1277.21,2019.87,215.16
1809e5ff-16b1-40cd-8a36-2aefdc6c912e,2022-02-14,Clothing,South,516.8,4742.41,223.74
752cb75a-a6b0-4dc4-831c-9a763e231b4c,2022-03-11,Clothing,West,1548.91,1029.95,384.25
a03cab60-9831-4afb-9d04-3ccd192cddb7,2020-11-10,Clothing,East,5509.27,799.11,988.8
95d8d113-a2cc-4b4c-8497-06e656cf3a82,2023-06-17,Groceries,East,9831.59,784.59,411.85
25d8f7a9-53fd-4b92-8140-bb740df652d7,2023-04-12,Groceries,South,6831.3,4394.4,500.45
c293ea73-6466-4741-9769-e0afa2279245,2020-12-12,Groceries,West,9178.76,1646.18,503.46
d565f578-7a70-4b1f-840e-2141aeed19fe,2022-10-17,Groceries,North,5036.6,3366.84,209.97
2f2f9cac-395f-4b75-bc8d-e492289a6178,2021-06-09,Electronics,West,6136.73,1132.93,346.82
5f041e90-2be2-45f0-98d0-ae157d6c41e8,2021-01-25,Electronics,North,9629.41,4500.09,819.94
4c259154-ffeb-4cdd-93dc-43006738b572,2021-01-01,Home Appliances,South,451.14,784.42,264.31
2153518f-bc52-422a-91b6-d2ffd08797ca,2022-08-26,Clothing,West,7863.25,4219.55,587.12
b520c933-b08e-4648-b9ce-ecc07e345733,2023-03-06,Home Appliances,West,7209.5,4044.92,75.7
7a6007b7-ea3d-4c3e-9fb3-8c77966772b4,2022-11-20,Groceries,South,937.97,4351.03,49.02
667670ef-ec44-45c5-ba5e-0cbedb9a9265,2023-03-11,Clothing,South,2328.4,251.13,25.13
5a276018-4fe7-4cc9-8489-3df17a52341f,2020-10-10,Home Appliances,North,8455.15,1686.44,169.08
41f0e36d-7e48-463b-ade3-dc9e5a31ed8c,2022-10-07,Groceries,East,1573.31,3297.61,968.91
65aa4310-6d22-4fc8-ae23-bc77d6558dc8,2020-12-22,Home Appliances,East,5099.5,4510.4,507.4
c9631f3d-0a22-47fd-8ea2-7a47e71ee051,2023-07-03,Electronics,East,5781.34,3408.93,807.06
a7f1e022-6b52-4732-9fde-39760764ea00,2022-11-01,Electronics,North,7602.68,4953.14,749.5
c1050d46-9e21-42a7-856a-00050de3a17b,2021-02-17,Home Appliances,North,9067.23,1070.22,540.06
beff6976-eda5-4a8e-a69a-f419c5b533bb,2021-01-05,Home Appliances,North,6026.28,4137.2,487.39
231fe729-b864-4402-958b-055a92b08ee5,2022-05-16,Electronics,North,7931.3,1973.42,590.52
aec3a2d5-28dc-45bd-9ab7-bb6347b4906d,2020-12-17,Home Appliances,North,8528.03,4000.39,660.41
f7702e6f-767a-4a02-9183-77af0355c65d,2021-07-15,Electronics,South,102.38,950.75,511.79
539c7198-6f57-4065-a359-45be050dd6e8,2021-04-04,Groceries,North,2619.15,374.82,861.28
c9305073-8e1d-4d6d-a8ef-55de10842e5b,2023-04-29,Clothing,South,9435.18,1548.88,413.99
3fa88c8b-adef-4f3f-80a1-6185a4d91eb9,2022-10-06,Clothing,West,8119.37,358.18,644.58
decaec93-6e48-444a-9016-3f552702c6b8,2022-04-24,Clothing,North,1360.48,1471.09,831.64
0abdf52f-1283-45db-a526-de41a1f577cb,2021-08-27,Home Appliances,South,649.72,227.87,423.69
ed7488e5-3d7d-480b-ab90-636b0d1f0657,2021-01-16,Home Appliances,West,4969.13,4323.46,720.02
7e09d3ba-f242-41cc-b2e7-c071875d19df,2023-08-18,Home Appliances,South,6768.08,799.3,986.84
b0995379-a6a3-48bc-b571-7e797c0252ec,2022-03-10,Clothing,North,4170.29,3078.27,392.82
5d237fe9-71bc-40ef-8b25-f7e8d7557bc2,2022-05-08,Electronics,South,565.63,2380.9,159.85
34773109-bea4-48e1-8547-26a296c401e8,2021-02-23,Home Appliances,South,421.41,3106.13,633.67
6c73c3b8-3be6-4393-aaeb-9f1f654a039c,2021-02-13,Home Appliances,West,1142.4,2768.26,353.2
680cc95e-8b19-4b20-b974-890bce7a8dc9,2023-03-04,Groceries,East,3895.8,3893.28,495.42
406a9b72-f7df-475a-a283-fb3d4dc584ba,2021-11-26,Home Appliances,East,8824.64,3070.09,472.52
41848c5c-2ecd-41d2-9923-2f708a30b7be,2021-10-27,Electronics,East,6359.9,1722.43,133.08
54009283-f106-4a1f-ac5c-43b2e1ca80f5,2022-05-16,Clothing,South,6857.04,3129.09,790.68
046eeba9-0afb-40c5-baa5-d59c3f61aad8,2022-06-29,Clothing,North,1358.38,4563.33,801.35
45c58ead-91e0-46b9-bad5-d6cc91adf15d,2023-01-30,Groceries,South,9177.19,4369.05,684.2
a49c4c55-1de2-40ac-a1bf-4fccec03aabb,2020-12-09,Electronics,East,8121.48,2619.09,787.63
28a7cc9a-4505-44f4-b6a7-dd1ada448a6a,2020-12-17,Groceries,North,1972.36,3921.46,450.13
ca87e333-9e28-4732-a261-3b6ac7134079,2023-05-02,Electronics,North,7590.5,2304.58,791.66
57af8ac2-1ff6-423e-a9d7-daff91aec29d,2023-03-07,Home Appliances,East,845.86,270.97,934.95
6b87c400-5907-4a14-9ca5-91df5eebd697,2023-06-25,Electronics,East,4913.03,4510.3,945.34
a3b56807-6046-43d3-b889-386315d1251c,2021-11-23,Groceries,North,6698.46,2880.39,223.82
d02ac7ea-fa19-4b72-8d40-bfd4fb62bfd4,2022-08-26,Clothing,North,1025.41,4106.0,889.88
61bfd03a-0e6b-4312-9409-c19640cde7dc,2023-04-24,Electronics,North,7816.02,3507.59,425.91
bd05c91e-35ae-474a-a010-8797b8331a4b,2022-05-19,Clothing,South,3122.58,611.55,431.71
3ebdca39-3ba6-4f2c-baa9-44bd2d420f3c,2023-07-25,Home Appliances,North,5703.53,4618.26,936.4
4d7e41bf-746d-4b72-bbc1-222253583b67,2022-01-28,Home Appliances,North,4214.85,541.09,776.08
563d439e-1b07-4a6d-ab05-c9a19baeab65,2023-04-24,Home Appliances,West,7369.37,201.97,452.25
08bdb746-53ac-4a54-a1ec-a4c8c657b1be,2022-01-23,Groceries,North,6895.54,199.16,920.09
504716f9-afd0-4d85-828c-20e2d1400b75,2021-10-16,Clothing,East,9626.2,3626.59,87.75
9d2bdb2b-aea8-405e-b1bc-7b2d40f40ffc,2022-01-24,Clothing,East,796.26,1828.3,39.08
b62929c1-aa59-4189-9139-392ded4cbc66,2021-11-26,Electronics,West,3543.99,99.32,974.58
c39b95dd-4a8d-4b39-91c3-0ceee59e5166,2020-10-20,Groceries,North,8208.17,399.06,894.5
3ec73249-0a8c-47a8-a08b-4ecbea94a7e4,2022-11-13,Electronics,North,2158.98,1063.71,677.02
4d4ca600-c8a0-408f-baf5-e619efe41ec6,2022-02-21,Groceries,South,9388.8,659.78,17.11
c7b97acc-e67b-4c5b-a414-d997c77bf0c4,2022-07-03,Home Appliances,South,3754.39,172.02,608.8
7a90a8f1-f559-4cda-b73a-0f53076637d6,2023-09-11,Electronics,North,8605.84,975.61,121.27
bfe9c551-a301-4aac-9f98-3f522e1c0b76,2023-03-24,Clothing,West,3510.05,4797.9,138.86
73de4ac9-154e-4a58-8b0a-3c0f10d18706,2021-04-02,Groceries,West,9668.54,1843.09,478.64
0df72219-1d70-408b-ad48-469a8845292d,2022-11-20,Home Appliances,East,2997.06,4688.78,958.57
3c9c00fc-ba62-4844-8801-98f223127961,2023-02-21,Groceries,North,6395.57,961.03,993.02
f843425d-c3a4-4e00-b63a-921a06b14ddb,2023-06-09,Home Appliances,West,1115.55,2925.2,164.84
6376b77e-3c24-409f-a426-66e81d014f3c,2021-02-09,Home Appliances,North,8986.99,4731.11,806.35
23a14df7-e4c3-4188-b683-f5fc414606c1,2021-06-04,Home Appliances,East,3227.33,1252.05,757.31
9e9db31e-251f-4e5f-8592-4a7ba39157d1,2023-02-25,Clothing,North,2981.49,2127.94,55.79
5146d5b0-2b4a-4444-be0c-5833f36a63ac,2023-03-09,Clothing,North,1409.11,151.72,87.14
0e442e9d-10e3-4319-bab0-f29fb1f82ea9,2021-04-20,Electronics,West,824.79,2130.15,555.27
209bbe62-1ee0-45b8-9cd6-7877e1044982,2023-01-09,Clothing,West,7434.7,754.3,427.97
d0708260-c071-4c29-a17d-9ab6f2de0d26,2022-03-03,Clothing,West,6405.96,468.55,450.36
119b0bbf-d3bb-4628-84dc-fb8e8d5ec216,2021-09-08,Groceries,West,3755.63,4747.21,67.28
adf59a3e-985b-4cc0-b458-1e78d1bd481f,2022-02-14,Groceries,South,4145.4,2115.27,730.9
62d5effb-6ed5-4734-9f5c-8314a9fcd105,2022-07-26,Electronics,South,3274.64,1059.75,300.38
16b82a09-4119-487f-863e-a0126775ee7c,2023-01-27,Home Appliances,North,4761.79,4753.83,798.55
fe82dd55-ac99-4f76-ac40-54de7a535ce7,2021-10-24,Groceries,West,2842.01,2813.0,691.32
63b2adac-c0f3-4853-b7be-5d180a630119,2023-06-24,Home Appliances,West,7977.01,2258.51,404.79
4be1fd86-123c-4236-b83c-90700ad42adf,2022-01-09,Electronics,South,7699.64,2187.0,255.48
81fb74bc-dc8d-4c55-a7bc-08d0cacea6eb,2022-04-03,Home Appliances,East,4589.13,4688.67,151.14
03efc72d-3af6-4999-a55d-09803d7fdc44,2021-09-10,Clothing,South,4678.11,3204.65,488.46
1422d095-6a5b-439a-9412-ef06c85fd2c1,2023-02-16,Clothing,East,2116.04,59.12,702.0
39d67c01-68ed-46c9-9732-bdd764f996d6,2022-02-09,Home Appliances,West,6225.48,88.49,305.57
9968ad8f-6fe3-4fc4-8640-3a0117c9fb91,2023-07-14,Groceries,South,7709.48,3163.16,549.76
db357ba9-bafb-4d11-b056-a45ee43195ef,2022-08-17,Home Appliances,North,1646.59,3546.16,476.72
30d50cf2-fb0f-4dda-85ea-8bcf1e3afcbb,2021-08-29,Home Appliances,South,6813.97,3812.44,240.04
ec71bbb0-c355-4f68-b615-4581faa1a814,2021-04-15,Groceries,North,7643.75,1436.44,984.17
8093170f-0fa2-4382-a188-8c8998a5af2a,2023-01-04,Electronics,East,1296.23,4424.4,50.14
6b170292-d24b-4946-8ade-4b28f7572e32,2023-03-05,Electronics,East,2640.1,2654.2,585.8
8e3bd939-cd2a-4ffe-b51b-9cacd8205e9b,2020-10-10,Electronics,North,4022.73,555.06,260.08
7be3b080-f043-42e5-9d72-0f9a854a197e,2021-03-19,Electronics,West,2905.63,3788.35,909.69
61518fa2-e6b8-42d2-849b-4c903e6d7cf9,2020-11-26,Groceries,South,5994.56,225.48,794.31
9c38584c-ff81-4c77-a5da-71b202468f94,2022-11-08,Electronics,South,3125.48,1732.46,534.88
52754d30-2c6e-4c13-8959-bf226c839595,2022-12-20,Electronics,East,2565.57,4603.89,171.92
4c671d91-8ce1-430b-8967-3dca835d70f8,2023-04-09,Groceries,West,4206.82,1483.98,524.64
00e01043-e6e3-4a13-ba36-22768602539c,2021-01-19,Home Appliances,South,5782.42,3154.34,536.06
3bd9201b-68d2-4629-969b-b96840b11604,2023-03-25,Clothing,North,4166.96,3191.24,409.38
90769152-dd63-4be4-83ed-088b85ceed86,2020-11-18,Electronics,West,7807.65,3951.48,299.33
52bdc77f-c7e7-4276-9abc-138113983f0f,2022-09-09,Home Appliances,North,3780.86,3162.61,165.5
9105bab0-4622-4327-adc6-32924948ed2e,2022-04-03,Electronics,East,7000.62,1938.07,595.15
0c7141f1-9dd6-40d5-8450-4f627445ff4f,2023-06-03,Electronics,East,1481.38,3357.88,360.52
ff0adec2-2a9b-449a-aa03-d33e1dadfb19,2023-06-30,Clothing,North,4779.39,2104.78,481.95
6d11e45c-f44f-4013-b15b-ae0e2d21407c,2023-04-12,Groceries,West,6977.49,1625.29,655.53
88093d4f-3dfc-4d41-aeb0-f15b8c17aac0,2021-06-30,Clothing,South,696.2,1535.92,747.76
86b1876f-498d-43f6-9b63-c2ebd737ced5,2021-12-23,Home Appliances,South,618.82,3124.65,35.29
b8ca2932-ce91-46ee-a974-e6fc3165534e,2021-04-07,Clothing,South,4768.14,4448.3,20.01
749fb5f1-6945-44be-906a-8b968dc59e8c,2022-02-05,Home Appliances,East,5315.6,378.96,868.44
fe9565b9-757e-4d2e-9c2c-90859d47a312,2023-01-07,Clothing,East,6894.34,3722.67,672.32
6378ca0b-1744-40f8-9704-f3299bfd2d02,2022-02-15,Home Appliances,East,163.59,253.83,624.67
c9bacc36-48c9-4251-9215-0b516d5f514d,2021-12-18,Home Appliances,North,9996.88,4372.08,702.69
951c8191-f92d-4ecd-aa08-a626d25f6876,2022-09-01,Groceries,West,7298.29,1172.1,754.1
37854e57-347d-4275-98fd-05362c6d5638,2021-06-26,Groceries,North,2950.45,572.03,466.29
a5b653fa-63cc-40b1-a143-fa923bd2da8a,2020-09-27,Home Appliances,South,3368.94,882.86,427.49
9234c323-22b2-42c3-8025-8a6a75b6b7ae,2021-12-04,Clothing,South,8982.29,2204.59,452.82
6693946d-ed00-41a5-a534-31ab55f315d1,2022-03-05,Home Appliances,North,7117.39,2644.6,137.93
cd78ced6-f842-42ee-b817-13b1738e2128,2022-12-25,Electronics,North,9112.88,2248.42,791.44
a09c3302-4f18-4b1f-8e25-670b99195c8f,2021-05-10,Electronics,South,3949.86,4043.89,395.64
5358ee83-d8bc-4b6f-87e3-d3cde5c9e17d,2021-05-13,Clothing,West,2279.58,1021.16,940.63
b28b0171-9179-4226-b947-4051e28ad9b7,2022-05-07,Home Appliances,South,5906.65,296.48,394.46
58dec9e7-2c7d-4af1-a7b7-cab1d5396c73,2022-08-11,Electronics,North,2416.89,469.05,194.89
9af8aa09-6056-43e9-a0dc-5dee96f53af0,2022-02-08,Home Appliances,West,664.21,3208.46,181.64
30cc79dc-c7b0-4aeb-a998-a5c07133e4e2,2021-09-28,Home Appliances,North,6146.72,3081.91,707.87
8204ca28-c484-4814-9e26-ed666912e6fa,2023-04-22,Home Appliances,South,5169.97,1457.9,878.68
919c5acc-6934-4e6e-8d70-4374d25ef10f,2022-10-25,Groceries,West,3595.4,2318.56,635.56
b5ca8dd8-93fb-4b89-a472-132eb80dc190,2021-08-04,Clothing,West,5209.63,4784.52,955.17
9ea07bda-b8c4-4ede-9d0e-d03958f42884,2022-07-03,Clothing,North,9304.62,4673.68,585.15
e22e4190-09f7-41e3-a2a6-d28770fd8d35,2023-03-13,Clothing,East,4953.0,3535.38,223.27
8b36458f-3b0e-4ce3-8d1a-a4d8c33055d7,2023-04-05,Groceries,West,2732.13,266.85,171.23
9d775028-aeaf-46f0-bd8f-970db7ad7bc8,2022-11-11,Groceries,East,138.36,3290.41,149.0
06996f99-128e-4cd4-b332-b77fdd513f8e,2023-07-17,Clothing,East,7888.13,3418.49,970.97
e846fb2c-a299-48fc-b91f-9a324e5df8f7,2023-08-29,Groceries,South,4025.49,4610.89,459.17
25324ab9-8c04-499e-b871-980d2a2e9785,2022-02-23,Clothing,East,3461.09,556.58,884.0
d8e965fe-e2bc-44db-9819-dba75b0810fc,2021-11-23,Groceries,East,7968.42,1648.5,461.19
f1905dd2-ccf2-4539-a818-3ef25344b268,2020-11-27,Electronics,East,3318.92,192.7,53.91
0102cff9-fa91-457e-ba65-16ca6b1320f4,2022-05-08,Electronics,North,3750.17,1087.48,529.27
314276e8-f64c-4efe-9ee4-247e0ce00654,2022-07-22,Electronics,East,1959.07,1048.03,675.94
7e2e45d2-c78d-4efb-b96c-1d7513a0187d,2020-11-18,Home Appliances,North,7382.47,1595.55,861.39
6c9cfbfa-f4ad-481c-85cf-529c3c713dfa,2022-04-30,Clothing,East,2620.93,1752.5,715.36
1165f27f-0294-4de7-a244-ca739dff8e62,2020-10-24,Electronics,South,540.58,4674.21,81.61
eef279e5-e45a-4cec-abf5-9edf538a1da6,2023-04-04,Home Appliances,North,4663.22,3636.79,56.99
a1ec2f85-fc82-4091-bac1-1688d34570ec,2022-01-08,Groceries,East,8109.13,4895.52,465.91
1bca413f-8825-4b7f-bf6d-65e162830cd8,2022-09-27,Electronics,East,1269.42,453.31,107.74
b8409826-d4c3-445e-95e2-126dde4198e2,2022-09-18,Electronics,West,7677.87,2099.36,920.04
3a7d888a-2c74-4491-93e7-2099938a8167,2021-03-02,Groceries,South,4462.33,431.86,432.67
62dd40dc-ab15-4b8b-9ac7-228b0efecc31,2022-12-21,Home Appliances,North,7572.8,4155.23,48.96
cae937d0-ebca-4bd4-83be-d8af0e6bc014,2023-05-25,Home Appliances,North,1885.85,2475.57,136.8
880b3c24-50c0-4c36-9d60-1b936117579b,2021-12-31,Home Appliances,North,8723.82,4675.58,326.4
dd84ffbd-ff5d-4b9c-9b5c-81692ccc177c,2021-03-11,Electronics,South,4404.95,2807.42,292.65
4ef78ce0-a12a-4cf5-9e77-6e0d03e2cf9b,2022-07-26,Groceries,North,5456.65,1045.87,303.67
f61bf911-7840-4000-9322-88948e9aafa5,2020-11-01,Electronics,North,4473.66,3043.12,540.8
83a2cca9-5cb7-4016-a23e-3dbe2b62cafd,2021-08-01,Groceries,South,2683.78,1197.35,127.54
81adccbf-43f9-477b-b582-bf45c3493904,2023-06-16,Clothing,East,7856.59,539.56,735.56
c239d31a-213d-49be-b046-4a7c733d2158,2021-04-14,Clothing,West,2562.86,1458.56,738.72
b22b744a-b367-4042-91af-6a3644921cf8,2022-03-05,Home Appliances,West,6630.25,3722.51,520.13
f76ae850-41ba-4dd8-be96-68c8f6325041,2020-11-01,Home Appliances,North,8605.05,652.88,648.74
3c97d861-016b-40c7-90ee-10e35039a0d1,2021-11-17,Home Appliances,West,1270.62,3699.55,365.32
9dc2913b-1774-408d-a5b1-cc523bbd92db,2022-10-01,Home Appliances,South,6781.33,3532.25,664.0
0045910d-94d4-4626-8a56-66af20852bb9,2021-11-18,Clothing,South,2293.42,4167.41,247.73
baf61cf3-1b33-464d-b894-320e1f3c0270,2022-09-21,Clothing,North,5229.72,3389.5,241.27
db6315f0-8340-4352-b507-1510d39930a2,2023-03-11,Home Appliances,West,6322.27,1469.81,179.67
62d74003-3331-49cd-bd04-08ee6a71e569,2020-12-24,Electronics,South,8116.51,2787.96,334.61
c9d61165-a04b-40da-8f71-bca9dca15f81,2023-03-29,Electronics,West,5895.77,175.17,138.52
c2d29046-c1ac-4fe6-adf2-8eae793d5e6c,2023-01-25,Clothing,West,4016.25,4880.0,515.37
7e87cb63-0556-4dc0-9f08-97915386aeeb,2023-08-23,Electronics,North,856.92,3836.95,783.63
9a535568-b9e9-4ecb-bc4b-f8331a02d82c,2022-04-24,Home Appliances,East,7770.54,2869.02,698.74
72fbba80-c731-439c-bc71-aa8a0eea4f3f,2023-05-08,Electronics,West,2213.23,3676.17,818.01
a3d85f5e-241d-4c0d-bc86-07eeaf292a5c,2021-06-05,Clothing,East,7623.67,1799.64,595.12
8913c9e6-4e93-4f29-854f-0e9cedd2a540,2022-09-08,Groceries,East,6326.99,4509.01,116.93
43634552-c484-45ea-aec9-4e38a33e928c,2022-10-15,Electronics,South,8355.94,2655.86,365.03
016da193-73f3-476a-b01c-7001360b89f7,2023-08-23,Electronics,East,4610.47,112.55,227.87
a62a8558-f15f-466d-8294-010e041bf543,2021-12-29,Clothing,West,6562.36,3321.2,499.75
7f422b70-627a-4ae3-a4d1-4630fd1d4cec,2020-12-25,Home Appliances,South,9537.93,2430.53,320.8
36929961-9065-4225-80c5-740c4e8a0ac2,2020-09-15,Electronics,South,8493.03,1332.83,608.26
abc442c7-f575-4490-abdd-d225fa3ee77b,2021-02-15,Groceries,North,7063.85,4117.4,787.52
9c69752c-36c4-4d93-b70c-0b475ae00c72,2021-05-26,Groceries,West,3902.51,342.94,47.9
f42f02bc-75a3-4c26-86a3-9c20ea329a88,2022-04-10,Electronics,East,7291.96,4810.37,349.73
1bfa558d-cf05-4509-bb6f-c72ce59b1787,2022-07-03,Electronics,West,4467.83,3642.7,661.25
0657a0b3-9cae-411a-a603-ad743e5f3856,2022-03-27,Clothing,East,2675.06,3374.34,311.85
2e55c5aa-067b-46a6-8568-be7d1e8caae9,2023-03-18,Groceries,East,3627.94,2720.59,734.99
9773c3aa-9856-482a-9dd6-e8c95834399f,2022-02-27,Home Appliances,North,1597.04,158.84,631.55
2c104933-aa68-4393-a7a6-0af553019f8c,2022-03-23,Electronics,West,343.19,272.57,233.52
e2ab791b-f45d-440d-b395-9c9b9f7d1206,2022-12-13,Groceries,West,6573.38,379.4,71.78
64b31743-53fc-4216-b469-0cd7f267436f,2022-03-30,Electronics,South,9723.72,2142.13,893.5
4133c71f-efcd-47ca-85c2-127bac82cecb,2021-08-24,Groceries,West,2243.59,2204.31,364.45
ed7f7c68-fe06-4374-8a7b-6a8302877374,2023-08-19,Clothing,North,1851.66,1677.63,986.93
2910b0c8-5ab2-4ab0-939b-060f698d71ab,2023-01-19,Home Appliances,North,7498.36,1944.21,415.19
6b77baea-ab70-4049-adda-c80dfa0754f5,2022-03-07,Home Appliances,South,2711.03,2680.12,738.28
f7d92a46-e9d9-4545-b2ed-773b75bc7193,2022-08-25,Clothing,South,6897.8,2340.12,51.52
c6294aec-0ce1-4851-ac87-f11bb93f3078,2022-10-03,Groceries,West,9222.93,2074.22,396.4
8a42218f-1f91-4359-8b88-14cf532d8282,2022-02-05,Clothing,West,130.79,734.22,870.16
8973a188-15fc-418e-aa40-78a09afde604,2022-07-26,Home Appliances,South,5187.95,3675.55,156.69
1e105c64-b730-4327-b7be-97e2bc2cfb47,2021-07-04,Clothing,North,3367.5,4208.68,822.45
c5766f5a-3b4c-4885-816e-ce27c8907d66,2022-03-03,Groceries,North,2543.26,158.78,808.4
3cefeeea-2624-475f-bbf8-5011ebb7bd47,2022-05-22,Groceries,North,1771.56,3949.02,686.82
16e43aef-27d0-499d-98c6-7caeab622f1e,2021-07-17,Clothing,East,1766.32,438.52,928.37
8f0a5ca7-8015-4a85-a1fe-063d3d227c93,2022-10-31,Clothing,South,6019.0,3121.53,462.94
f18fed87-32df-4e3d-8604-d4d4246f4682,2021-01-08,Clothing,North,1585.7,3029.75,259.95
f2ccf7a9-5023-4159-910a-e5cebface260,2021-08-18,Clothing,North,8078.36,3676.96,36.99
5e843638-50dd-4e7e-a314-6199747ee573,2020-10-11,Groceries,West,9330.99,229.76,98.72
dae06182-3a37-4d5a-a8d0-dfb28b85e366,2020-10-03,Home Appliances,West,2998.07,796.5,243.78
932927a1-35ef-48cb-89ea-fbefe01d1084,2020-12-08,Clothing,North,3622.51,3690.72,410.66
b4729dcc-d91b-49e8-8bf0-bac942207092,2021-12-13,Clothing,West,2771.41,2486.95,398.67
6020544d-43bb-4d11-913d-016673e0c972,2021-12-04,Groceries,North,3176.57,4507.68,554.94
8878c456-7f40-4365-ab79-65fd4ea5c953,2022-03-18,Clothing,East,9775.54,3875.92,574.79
1a30b74e-be7f-45c5-8f3f-bbfd60acf3ac,2022-08-28,Electronics,East,2698.22,3449.88,461.36
1218eae4-93ae-481d-b2c4-8b3283814c39,2023-03-07,Electronics,North,7241.74,2048.71,501.04
a2e2fd83-c692-47bc-896e-eb6d208937b5,2021-09-12,Clothing,East,304.77,3712.79,43.93
7887f412-088e-4d96-b8c3-214d59edca2d,2022-02-17,Electronics,South,6839.18,2930.92,778.16
09ef1255-90e6-4417-9a42-ee4aafc43dfc,2022-06-18,Electronics,West,2968.8,3446.25,215.03
70717b01-479c-4054-8583-aef24d0a154d,2022-03-23,Clothing,South,5339.79,1734.39,978.67
f0cba56e-b4ee-420d-bbb0-d5b81eda4280,2021-01-29,Groceries,West,9721.48,1084.4,570.38
a08506c6-02d5-4913-b2a3-563579c7c873,2021-09-13,Home Appliances,West,3361.48,4844.26,925.28
2247cc2d-7809-42fb-82f8-7fc05206e54c,2021-10-05,Electronics,South,5902.84,3614.42,684.51
37223f86-69b7-4383-b71c-d0fe5f7f60af,2021-04-21,Electronics,East,3598.22,4585.99,900.46
b932758d-6c23-417f-b4d7-12159a16828a,2022-11-10,Electronics,South,3373.52,3749.6,19.0
f422ed06-feef-46c9-8c92-57b1019112b0,2022-01-10,Clothing,East,8181.96,2846.1,952.78
cc5003fc-79d7-4c66-8917-3d908001b67d,2022-01-29,Home Appliances,West,3695.61,3147.28,329.77
6b6c5e3e-d28f-4ac5-bfc0-bd83a80ea501,2022-02-15,Electronics,West,7849.58,3023.48,987.6
f7a03830-dc31-45c9-8092-d58bb28884ef,2021-01-16,Electronics,East,110.03,746.76,53.17
cfde103a-3098-4fae-986b-2bf45888431d,2020-11-23,Electronics,North,1345.89,4650.46,949.12
a7a16ab0-204c-439c-8fd3-8ffbfb57ab9e,2022-06-26,Groceries,East,4856.08,4736.11,820.2
49b8a6be-c9e9-42c5-8ce9-fc9c3528980a,2022-05-19,Groceries,West,7808.32,3749.05,195.78
fd5c3515-4bbf-4175-9a10-24701b6504aa,2023-07-02,Electronics,West,5533.88,2148.2,950.29
ab7837f6-b96d-4ac2-8753-166e00619a40,2021-11-13,Electronics,East,1820.95,890.8,662.27
df44d0fd-4ca2-4e59-bfb3-ae4186deaa45,2021-06-13,Home Appliances,East,1658.28,594.77,508.88
9537d9af-284f-4f68-a6c1-17a99b3ddb8c,2021-06-10,Clothing,North,7986.94,3044.98,757.21
c6351e13-e15f-4ad2-ab6c-ec9d2ac91d09,2022-02-05,Electronics,West,2731.01,1460.57,434.42
e7dfdb4b-862e-4a48-8d43-8c0f7fab06ab,2022-10-24,Clothing,East,9909.39,3603.7,946.79
aec14ef4-2fbd-4e85-b4aa-1c9d092c8103,2022-07-19,Home Appliances,East,5424.92,2795.07,990.19
da9ce6ea-4d18-49ce-8019-1018ce7ab1e0,2023-05-06,Home Appliances,North,1980.88,3923.82,793.6
3e089e53-0d53-46ff-afd7-e2bbfe9ea677,2022-11-25,Electronics,East,8462.94,3762.76,163.78
0e328f32-04d6-474a-9e0e-e770cfd4464e,2022-06-26,Groceries,North,6645.16,4622.33,567.65
db2e51d7-caf7-4409-a9d3-43a37a2dda2a,2021-06-21,Groceries,East,3673.32,4750.12,565.98
f1cf0760-cee7-47a8-8d75-c35e43b8c737,2023-01-19,Clothing,South,4175.2,3089.96,806.08
dd5ac95b-bd09-417c-b3a5-04e822e10a70,2021-08-16,Home Appliances,South,2360.19,127.68,533.8
848c4a1d-88c1-4676-80a5-0b7063d9df2e,2022-01-31,Home Appliances,South,9419.44,3417.28,634.6
ff38f463-09c1-4ab0-a39b-935a1f76caa9,2020-12-09,Electronics,South,6315.37,2510.1,733.61
6c4b05eb-696c-4b43-b508-325405de7785,2023-04-17,Clothing,West,2567.02,4464.18,281.73
343fb760-f05c-41ea-9a80-9afc29bd1a86,2022-12-05,Groceries,South,9454.96,4636.16,87.15
c75241e9-858d-4cfe-9a96-65619c3bae8d,2021-01-15,Groceries,South,4536.98,3732.98,455.16
82e08df4-a654-401d-b5d4-96b76626251b,2023-01-13,Home Appliances,North,5138.1,4043.78,707.94
82be7726-f9e3-49ed-8459-1f83b9ceeda1,2023-03-02,Electronics,South,9584.24,864.21,924.32
a4d2ce8f-ae44-461f-9d86-c0cf30dec481,2022-12-11,Groceries,North,9287.06,3192.01,940.99
379c041d-16e2-4436-b827-231290bb7e3e,2021-10-22,Home Appliances,East,2601.59,4414.85,775.74
1b65c144-fe51-45e3-857d-4fa95cc6a513,2021-07-08,Groceries,South,6135.92,498.61,39.83
7c1e3522-58da-40b3-b426-efa50bedfa71,2022-02-13,Electronics,South,208.6,1290.26,764.73
5da0fa7b-bf9b-4fca-b878-a5eb84c640f7,2022-05-01,Clothing,East,3927.59,3888.46,629.39
64838126-aed3-4eb7-b356-11f753e96465,2022-01-13,Electronics,East,3953.69,4406.73,48.03
c4eb13a9-dbaf-407f-9a5d-8fa94dc5c44e,2022-10-20,Home Appliances,West,4706.6,4157.77,135.55
283fa7f6-69bd-487a-ab3e-81c9cf4b0124,2020-12-01,Electronics,East,7133.83,1674.17,34.06
3930454f-80f1-494c-a4d7-6c8b3f38c25e,2022-02-21,Electronics,South,4789.88,2632.38,51.17
4419ef69-0721-4fde-b4d0-76e306a7053b,2021-01-09,Home Appliances,West,5702.6,1769.8,14.45
f8b5b997-bfdc-4a66-a069-8c3974964ee0,2021-09-05,Electronics,East,1988.66,598.51,545.22
80c66f49-9943-4201-8030-66b622bf22de,2022-02-22,Groceries,South,526.89,4644.26,846.61
e00a16fe-5b0e-4764-b93b-e8adf21f49b5,2021-04-05,Groceries,South,9458.45,1608.27,906.21
394515ef-aa96-40ca-82b6-de4ca64db88f,2023-02-13,Clothing,South,9844.69,3835.42,282.33
36b55f8c-b144-4fc7-89f1-e73d7f3e2c06,2023-07-09,Groceries,East,6741.8,2998.53,410.16
89fb8f47-5071-4c68-a9e4-394f57d64db2,2022-08-27,Clothing,South,3130.37,346.25,134.13
01e5cbe4-3ced-4153-b16c-f2fc8201d9dc,2021-07-02,Groceries,East,1426.17,2430.42,645.47
aaa50302-ddea-4c3c-bff7-50071e68804a,2021-01-24,Home Appliances,North,7664.28,281.23,825.52
8b71656e-ea27-414b-9492-b66b01991698,2022-08-17,Electronics,North,530.37,2796.99,746.71
afb79039-e2a0-4094-be8b-27ba95de533f,2022-05-15,Home Appliances,East,6349.09,4750.91,351.25
0f31c31c-d5a6-4c18-bb5e-a5626ae60218,2022-01-11,Home Appliances,North,5900.25,459.86,564.2
6c5cd231-d319-4ec7-ba8b-65821ce6ce27,2021-06-02,Clothing,South,8151.66,1047.94,268.35
c4c1951d-6a74-42c7-a6cd-057ab137cba4,2022-09-13,Electronics,East,7034.02,1306.72,266.65
a7279b92-4303-49d2-9907-52910f0bcea3,2022-09-16,Groceries,East,9361.6,4992.79,163.65
434585ad-947b-4e9f-a225-de031a78ab65,2021-07-20,Groceries,East,9011.61,2786.0,48.22
7db05649-aa7f-4378-9f3b-b6ab13a5e5a0,2021-05-31,Clothing,West,5896.48,3225.67,43.46
e0efdbd3-7665-40c0-a47e-736d479147a5,2021-10-12,Clothing,East,7601.15,4098.11,80.93
76f9f749-909d-41f8-9035-edd2916b7510,2022-01-29,Clothing,East,6519.16,2309.91,246.33
34b30b4d-f99a-46df-ad08-1e59a27fd6d6,2022-03-29,Home Appliances,East,4640.84,838.98,340.33
14f33572-82b0-4191-aa50-75cc7af7384c,2021-10-02,Clothing,West,6586.55,2408.6,560.36
838707a4-31e9-4000-913e-3d4f306700cd,2023-04-04,Clothing,South,5480.08,4111.94,349.95
54517089-8c7f-4b18-be87-b2ad403d5622,2023-08-12,Groceries,North,8148.32,445.94,433.46
b9987ac5-871e-45d0-ab9e-b01d7f75f573,2021-10-15,Home Appliances,West,3587.97,2285.32,835.17
cc71df9a-d322-4e72-8a6e-8e048d473481,2020-09-24,Home Appliances,West,5172.75,4936.87,862.85
0f4b4e55-9d63-4ecf-a34a-aa8152b63c3a,2022-02-01,Home Appliances,South,1276.58,1618.61,32.5
ca9ab80c-6b92-470c-b73c-be36fd8f49f5,2021-07-20,Groceries,West,7364.16,145.04,887.08
2aec578e-014d-43f0-85c7-8024463c4c0f,2021-11-07,Clothing,South,2014.09,2098.49,71.42
697cbac5-6d38-47de-b200-9162d2d7d3f5,2023-04-15,Clothing,South,3181.42,1978.1,61.71
242f5a5e-7cbe-47d1-9134-1ad5ba71b026,2023-05-19,Home Appliances,North,7698.75,3571.18,364.3
6732bd70-1b36-4a95-804d-5dbb0ed0d086,2020-12-27,Electronics,North,8368.41,433.24,63.47
44862a4c-5513-4a88-9386-0a0a1786b557,2021-04-18,Electronics,West,3614.3,4514.11,758.9
d7c5c0d3-dfab-49ec-8997-3bb0e101287b,2022-03-23,Clothing,South,6755.95,2835.54,805.73
147807f3-d8e7-4b82-9b99-4c79bae24b49,2021-02-23,Groceries,West,4181.04,201.91,804.38
ef799d54-6d03-4523-85ef-52be4d75a39d,2021-07-15,Clothing,West,1985.88,1968.91,364.03
e1c7e357-1127-4895-bdde-e943c0e95fb0,2020-12-10,Clothing,South,1321.32,1786.38,185.32
b7942c24-8fd4-4638-a649-67dc7182ba3f,2021-04-05,Home Appliances,South,6198.54,3284.5,23.51
1cbfb745-b4a3-4dca-b2a3-f3aa3abcfdbd,2022-10-13,Groceries,East,4619.11,2792.56,872.95
160306a5-5bc9-47b8-879f-04d86b4ec166,2022-08-15,Groceries,North,5010.71,448.23,61.21
02712fc5-c593-417a-ba5d-a829859b9fd7,2022-10-28,Electronics,West,8634.88,3964.11,859.86
e6fd996e-9f29-416b-9318-c75632680699,2023-06-01,Groceries,South,2696.2,3257.59,104.76
544c37e1-64a6-4145-934b-a38a5f96a007,2023-05-24,Clothing,North,8283.07,1701.38,955.6
7bb71450-b383-44aa-ae00-f496e3cf5fca,2021-05-07,Clothing,West,4766.69,213.69,909.97
48483e42-0dc3-4e22-a066-469cac83e7a6,2021-02-17,Home Appliances,East,6292.77,1471.05,46.44
7d258bc7-2d17-46d7-9426-142f5b431ae8,2020-12-28,Home Appliances,South,3829.2,826.46,552.8
b0ff8205-ad4b-48af-89d5-8b181021c435,2023-01-27,Clothing,East,1554.15,914.34,921.66
0448e4b4-f5f7-4363-b62e-bc2d12962efe,2021-12-28,Electronics,South,6437.19,1250.78,880.11
6bb46772-d214-461c-9f48-237254630e9d,2020-11-16,Clothing,South,6284.69,4730.72,488.09
440f6f42-af8c-4d59-a691-3373e49df636,2021-10-17,Home Appliances,East,8890.22,3408.3,53.73
85f2a3e4-1306-4144-8b76-ae0aac2d3bfb,2021-03-02,Groceries,West,2478.88,1443.8,178.32
330abe43-1636-444f-8f3e-4192fbd48b8f,2021-09-10,Groceries,East,2458.05,1168.9,879.56
211d5582-4fb5-4a65-9aea-aa40160381a4,2023-02-22,Groceries,West,4682.7,4388.73,146.62
489f89a5-14ef-4f0b-ba77-b9fef05bc135,2020-10-20,Groceries,North,5692.69,116.67,931.0
1528c2b8-e0f7-4f58-927d-dfe5b5f7fd0a,2022-12-20,Home Appliances,East,155.81,1980.04,803.57
b0eca4e3-8027-47e3-bace-994e094c61f8,2022-04-21,Clothing,South,9998.83,146.57,825.84
bb2ebc0a-e9c8-424a-8d41-ef278eb288e7,2021-09-04,Groceries,West,5149.87,239.0,779.35
5b0f45e4-564d-4f60-8b7e-58960c0ffd83,2021-04-05,Electronics,East,1207.83,3076.8,780.54
77755690-f736-40b6-bca8-fbd83158af9f,2023-02-17,Home Appliances,South,6768.55,1930.38,36.18
25bb72c1-9a23-411e-9e6a-ec1cfbbf22fc,2021-12-05,Electronics,South,4419.01,4572.79,339.59
210a413e-f3a7-486d-9596-cc1835d0f223,2023-02-12,Electronics,South,2554.79,732.26,515.15
f6c3e853-21c1-4c10-8177-b306edbf6ef4,2023-05-28,Clothing,North,5380.15,411.59,413.68
f1a02414-ea32-420d-bd8f-f8ffb6a45faf,2020-09-20,Home Appliances,East,6620.95,4831.95,437.23
7f5732ec-3e1b-4242-a7db-5ea90854921c,2021-06-01,Groceries,East,4416.75,2382.11,232.78
da42314c-63e5-4a19-afde-71c3a23955bd,2022-10-18,Clothing,West,4008.89,3244.06,403.09
d475827f-8b27-44a8-8ffd-bb6c44218214,2020-10-09,Home Appliances,South,5855.62,4186.13,997.99
a026c0da-c342-43f9-894a-4f553be2f797,2023-03-23,Electronics,East,8861.89,1890.39,31.51
06116b50-87da-4c69-b8a0-4f4040b5f3ce,2023-04-07,Home Appliances,North,6154.89,2399.03,244.65
3e01cf34-2c48-4365-98bf-7ec20ea479cb,2022-07-06,Electronics,North,499.01,1641.77,800.09
16fcd9f6-4fb4-4d77-b772-ab8f3e62cc6f,2023-07-09,Electronics,West,9644.78,577.97,878.86
d2e6ab01-ad1c-47e9-be82-25256c2474a1,2021-10-03,Clothing,East,582.3,3581.71,36.53
f5493ade-77e1-4831-9aeb-4e510148a642,2021-08-06,Groceries,South,4268.39,4357.64,399.18
5b0e5096-71b6-44f2-8efe-7d3ba1bcb4d4,2021-02-20,Electronics,West,9253.19,3580.32,608.14
a4ba3c63-d535-4ac8-bfe2-fb415908aedb,2020-09-19,Home Appliances,West,1697.65,1735.45,416.99
e364961b-9976-49d7-b4ae-1df239c2ab12,2020-11-01,Home Appliances,West,5943.03,4980.39,290.87
02b4cc58-ba84-40b0-b4d2-c3b439fdea13,2021-11-15,Clothing,West,5085.27,4670.57,351.97
0a2209f1-0d99-4b61-ae6e-58cd46dc2236,2023-07-26,Clothing,West,6323.19,3842.35,633.97
64f9dadc-5a2e-40f8-a194-774e9466e032,2020-12-12,Groceries,North,7558.96,1018.68,957.76
3c419096-441b-402d-8ee3-3076cab1c7e2,2020-10-09,Clothing,East,1851.29,2939.22,303.08
e45b354c-d636-4646-bc64-8e0e5680fe2c,2022-06-29,Home Appliances,East,6380.79,1491.0,436.9
1f8699dc-3e36-4f3e-9ca0-ac45ba653904,2020-09-20,Groceries,West,6854.0,1381.89,730.6
b4f26d75-441e-457a-b91f-13bf5e25ca0f,2021-07-14,Groceries,South,3534.09,704.17,617.0
2edc6672-0927-46cc-9d97-93e3526244a8,2023-07-20,Home Appliances,East,1741.0,2181.36,404.41
788a4660-65f6-4880-a7e5-f1aaf2f215a4,2021-01-13,Home Appliances,South,854.07,3568.31,684.02
0f787b8a-48c5-4c45-8565-c2761eda001d,2020-12-11,Clothing,South,7800.17,2747.32,558.38
d5b12775-f10e-47db-add0-f940e43969fc,2022-06-08,Clothing,North,1775.41,1076.95,235.97
62e06cf4-e0ff-4364-9af8-83df576f56f2,2022-01-08,Home Appliances,South,5300.5,4103.96,363.4
b657bfec-b847-4741-938e-65d7e481b905,2023-01-03,Clothing,East,8830.53,3692.6,719.28
3ae0d708-c733-4b55-a0fc-a554884d4e52,2021-01-07,Electronics,North,3418.2,636.46,963.16
72f922dd-2560-4a14-a745-ef277b18ea96,2023-08-15,Clothing,West,8560.65,2073.9,864.59
d5a53905-03dc-4f6e-aebf-baecbd4c6cb1,2023-03-31,Groceries,East,9002.25,1745.24,506.55
1a68b08d-1c16-4871-b1e1-a59e07f50e76,2022-10-09,Electronics,West,3384.72,3491.03,913.05
cec7bbdf-58e0-45d7-b1d7-9400a0998310,2021-04-15,Groceries,East,9846.99,3731.71,312.19
645d51e1-a9d4-4d1a-af18-3aae45536469,2022-07-03,Clothing,North,8816.88,4963.47,353.06
09660e3d-74a7-41f3-aad1-df0211e0eb7d,2021-06-03,Electronics,East,9492.25,2582.15,964.99
2deccc5b-ba57-41cd-b889-52c320bba1e8,2023-07-10,Electronics,North,9958.97,4074.06,686.6
f1838919-d163-4073-936a-e15bc467c640,2022-05-04,Groceries,South,1624.74,74.34,599.52
caca2ba5-2a27-45df-ae5e-1bcaf441018e,2023-06-25,Electronics,West,7074.15,4680.91,521.95
e7784c5e-1f4f-47c5-b641-34df709a94c6,2020-12-31,Groceries,North,6998.78,3254.41,212.87
2c33eb6b-f49d-4cf3-8a65-44e8e37f85ba,2023-06-17,Groceries,North,6478.57,4909.52,120.07
8b0a9fdf-2859-466e-b0ef-fb1c746bcbad,2021-07-06,Electronics,North,6916.58,3090.81,382.1
7ab5fcb3-1b86-4367-b2a5-8882cb3603ec,2020-09-16,Electronics,West,7954.14,101.9,893.49
68e4d6d6-be10-49f7-a058-f349f4aaebaf,2021-09-01,Clothing,South,8191.9,2429.49,117.06
34d87ae6-7387-486f-9caa-740cc4b3ccbc,2023-03-02,Groceries,North,4581.02,2942.05,261.34
8d59976f-a610-4660-a253-8e32fc71092b,2021-07-10,Groceries,East,4916.66,3889.86,923.5
0e18ec21-79e5-489e-8789-fed4b49fff3f,2022-04-25,Home Appliances,West,5660.29,4144.85,87.15
a2a26d95-ec32-4d02-b192-145585e5b9b1,2022-07-30,Electronics,West,8578.04,4608.03,176.32
142a7e79-9645-49dc-a01e-21bd4e4a24b2,2023-08-06,Electronics,North,8292.12,4255.35,879.87
8208e09b-5dfd-45e0-8ca1-e329a3e9af64,2022-10-07,Home Appliances,North,5219.68,3060.86,216.0
cc4d7b65-96ef-4157-a9e8-fe5e638dd31d,2021-08-21,Clothing,North,7110.5,2054.84,30.96
4a76b63e-bf84-435b-9a5c-bc2c4e8aab1b,2021-08-17,Electronics,North,1429.24,1971.68,886.33
fcd57115-36b6-426c-8054-d79f4f810928,2022-09-13,Groceries,East,5692.93,4585.47,930.19
03c28ed6-3557-4a77-af31-0e4d3cb7d4ca,2023-05-01,Home Appliances,North,959.27,2961.67,341.18
887bd60d-2e01-45a3-8c41-4c57762e759d,2020-10-30,Electronics,West,5117.27,2304.85,485.14
3142af86-b3ab-4901-b31c-b918f170d478,2021-06-16,Home Appliances,North,1107.88,4174.14,495.38
b484f18b-21e7-4c70-9f7c-a9cda340abfc,2023-05-20,Clothing,South,6485.38,2389.76,189.21
49e264a7-82c7-41c3-a266-f0050cbb3668,2021-03-10,Home Appliances,North,5455.91,839.72,853.66
5b595e3a-5e40-462c-b768-aabeeeb22a33,2022-04-27,Electronics,West,8332.88,761.01,78.16
f78b9b98-b78b-4271-a407-e574275b2664,2023-01-25,Clothing,North,778.07,1996.56,953.51
69bd6f95-0bc6-4687-9e53-537068591f86,2021-12-10,Home Appliances,West,5605.79,1364.36,237.35
9630c374-a1c0-4146-8277-06784c593777,2021-01-29,Home Appliances,North,1197.64,748.3,813.74
28751ba5-f7ca-4b78-a68f-8328c151e531,2023-01-08,Home Appliances,North,1472.47,4327.1,824.77
1a40d2a9-7f1a-466a-9e67-0f79acff81a2,2021-05-14,Clothing,East,1454.41,2815.69,16.98
723164b7-21ce-4448-9abe-33b4c04e9dee,2023-08-30,Home Appliances,North,8634.16,2813.47,757.79
1a64f83d-a1ce-4caa-a4f6-b8fc57868cb2,2022-02-20,Home Appliances,North,4954.42,3467.59,931.93
251708d3-4416-430b-bb66-5eef1ef1c917,2021-03-23,Electronics,South,5639.5,4379.79,349.61
a2c17806-d326-4ba5-9d0e-9c82880333df,2021-10-26,Electronics,North,1065.57,75.47,234.38
8d75451d-6273-4821-8467-96cc548e8d5e,2021-07-11,Groceries,South,8402.01,1591.9,232.37
1f8baf08-f4e4-4294-b3e9-f02d65a37c21,2023-02-03,Electronics,West,5006.74,4737.18,513.89
005d5056-f3da-448d-8d3a-3d10933ab8fc,2020-12-01,Home Appliances,South,3474.63,433.63,577.93
73d3c514-8558-4e27-b9a8-d8b4ffe53739,2022-06-03,Electronics,West,2339.94,1869.12,387.35
3ae50b95-c6ec-4dd4-b98f-fa9a7620815c,2023-06-01,Groceries,East,7606.02,1196.56,936.53
0008609e-fb6d-4a4a-a600-2a5aeb2fd119,2021-10-28,Clothing,North,7449.64,2431.54,881.67
e11882e8-be6d-46be-aa6b-7ce41e0078e7,2022-02-04,Clothing,South,3655.76,1952.48,138.08
59fcd5fc-97ea-4de9-962a-8a7c9e0523cb,2022-04-04,Electronics,East,7807.71,2035.9,505.25
6ac1679c-2208-4494-8d2a-eb478623f9d9,2023-02-09,Groceries,North,4762.59,3298.1,380.2
efebdbed-3367-4872-8ec4-a812d3e1682d,2023-05-06,Home Appliances,West,9167.03,2188.02,365.62
025a30bb-e1cc-4521-b466-ce822984b9ee,2022-02-01,Home Appliances,North,4068.69,3843.16,993.13
3cec21f3-13e0-497c-88e3-51225800e87e,2022-03-27,Clothing,East,8678.49,2424.65,298.45
706c8a8c-6026-49cf-96a3-bf0eaacd3293,2022-09-20,Electronics,East,4515.27,1752.88,251.1
020aa2ec-f896-4af3-a09f-972ab4dc9069,2022-11-24,Electronics,West,1950.72,4781.58,504.31
6f88dfc7-7956-4e44-95dc-e6b9d97e9b04,2021-02-15,Electronics,East,1188.75,1950.34,394.83
feb20072-7702-4c0c-b6af-0217fddbfe83,2021-03-19,Clothing,West,5183.99,4901.2,976.87
1794dc49-193c-48a1-bb0c-0d92d2d03892,2023-04-29,Home Appliances,South,5702.35,3109.55,678.87
8fcd1ac0-83a6-45a3-99ac-5aac797ec3ed,2021-07-26,Home Appliances,North,5072.0,2459.06,321.38
fd34f74c-54d0-46dd-9856-6aaa109c1ea2,2021-10-31,Electronics,East,6870.83,504.88,323.97
2aadfb19-d33a-40c0-8424-a13ce083f0e3,2021-12-31,Clothing,South,8920.69,1175.52,967.91
c99828da-1700-4f07-ac9f-285fd165121b,2021-04-05,Clothing,West,9843.28,2898.14,50.03
33734635-f7f7-4c6a-9c2a-48fa71e1cc56,2022-09-01,Home Appliances,South,1025.43,1041.49,333.54
05f1263f-b3d6-4caf-b950-7a35f3be9fd6,2023-08-20,Electronics,South,1219.77,3996.19,370.51
2738fb1d-3302-4ee7-b2d3-e25e61a147ba,2022-04-08,Home Appliances,North,2413.96,266.28,388.85
49923594-f606-4420-b33a-9c75d546eace,2021-05-29,Home Appliances,North,144.62,626.63,608.6
577d435a-d1ca-47fb-a0a5-c60e6e9cb73a,2022-12-16,Clothing,East,9355.96,1036.86,743.65
fd342b2d-00cb-4cdf-b090-2f80cbfa4eb9,2023-01-12,Groceries,West,2057.28,57.4,897.57
ac4bc6b7-d2cb-40ff-851b-94b1572d4749,2022-09-08,Home Appliances,East,8476.48,380.55,185.36
ebf44f96-ee5c-4c03-9fea-4e7afb6814d8,2022-11-04,Home Appliances,South,2419.58,4645.19,388.11
dde00469-7d26-4cc5-a15b-bc84ecb34bd9,2022-03-13,Electronics,East,8093.08,2207.28,387.43
c9324fb4-a253-4391-80c1-abfc3a400cc3,2021-10-23,Home Appliances,East,7676.95,3098.02,276.62
016660fe-9b0e-4eeb-9b8a-56146a39e917,2021-09-20,Groceries,North,5869.82,3534.07,828.81
5993c858-b932-43ef-a290-509b226e0d9e,2023-07-31,Clothing,East,6804.07,3221.7,599.94
8bb4f7a2-94ec-4aed-92ff-1237660e5f42,2023-06-08,Home Appliances,West,1011.3,4728.69,717.69
231a9d38-12c9-4ea5-8557-9003ad5fb0ce,2023-05-04,Electronics,West,2801.42,3477.14,624.61
a2c759d4-6a6d-436c-8f0b-dd360741af2e,2021-02-25,Electronics,North,6622.63,1925.6,577.44
a9090aed-3d79-43f5-a4d7-e71594173ddd,2022-11-22,Electronics,West,6634.27,1048.2,512.93
03c40000-06ac-4cea-995c-4402dca0fa7c,2022-11-03,Groceries,West,1291.38,572.38,911.95
c540d22d-22df-4457-a0a5-fac351da7292,2020-10-16,Home Appliances,West,1333.02,4471.67,475.1
80c5129b-aebb-4665-889c-18c7983d5bae,2022-07-22,Home Appliances,South,4603.54,1732.09,422.06
6bd33354-b9e2-4990-ad7d-c3d10e8aa3e9,2023-01-14,Electronics,North,3834.6,2846.67,342.24
94cbd71c-9ed5-425a-a836-3bea1d80a2f2,2021-01-19,Home Appliances,South,8237.56,1206.13,255.99
c978716a-f35d-4eab-b99c-9f3eaa9cbc99,2022-09-16,Groceries,South,4857.46,4678.65,33.68
b2eb7e73-bb09-4bc7-80c7-8a331fd2fb39,2021-07-12,Groceries,West,7261.79,79.73,410.81
5fb47184-0e98-4d97-97e0-817e3af95988,2021-04-08,Groceries,West,7665.65,2258.09,435.19
4e5669a3-85a5-4c71-b1f2-7bca3f60fcb4,2022-12-23,Groceries,West,2606.85,2401.72,235.98
4047743d-9761-4449-98c1-491bf9a9a398,2022-10-13,Electronics,West,2906.86,3283.8,603.45
99ff0187-5064-4b0e-b550-ac58ca78c830,2021-10-10,Clothing,West,9302.5,4845.9,527.16
78896e93-7b28-4967-83aa-85017d17a24d,2021-07-06,Groceries,West,966.81,1534.52,522.63
735aa022-05c0-43e2-9efb-b2b44b81f2da,2023-06-29,Home Appliances,West,6764.31,4733.68,163.56
c420e331-c52f-408f-bd64-061d4a9082b1,2022-10-28,Electronics,South,463.18,4356.68,807.11
47df5160-5dae-4da5-9c02-880a16c917cc,2022-08-04,Clothing,East,7680.91,2369.57,681.0
94c17e32-e692-4ac8-8c99-10bad0e7b2e4,2023-06-09,Electronics,North,4173.55,1000.66,396.98
512154de-0976-4496-9420-66f771f7f7c8,2022-11-06,Home Appliances,East,7891.76,4019.19,961.52
29435776-e6f8-4b28-8502-2fa69383adb5,2021-09-10,Electronics,East,8887.9,3426.32,525.7
cd04aaa2-4629-48c2-b348-c9a3831672ef,2022-03-29,Groceries,East,7266.88,956.86,923.85
ebb110da-15a5-4ea7-96c5-02720c79cfdc,2023-05-17,Groceries,East,7154.51,2992.7,439.7
9d6f7a99-39d5-4b50-9abf-17f72a5831b0,2022-02-05,Groceries,North,6372.06,3107.51,899.87
dbcf2ee8-e5d9-4f0b-b1b2-46844cceb220,2023-05-26,Electronics,North,5750.29,1106.22,446.97
6f4f3cc9-d415-4667-ad09-c55f642df929,2023-07-30,Clothing,West,2505.39,4529.5,845.09
169f50cc-f2c4-43a3-9bee-7aa6a1889b3f,2021-06-20,Groceries,West,5602.61,1022.14,53.11
d040359f-0ccd-49a8-a9db-97a55a199e95,2022-02-07,Groceries,West,1428.28,2243.94,677.46
6168f53d-2958-4fe1-89f2-091e8ce8f8ba,2023-03-01,Groceries,South,2317.58,3438.38,863.33
226ed2fb-1f85-496d-a0e6-07f3e58f2fcd,2021-04-23,Home Appliances,North,7596.69,2156.36,649.27
453494a0-94ec-4c5b-9379-599e555cdaf5,2022-06-03,Groceries,East,9884.84,4432.79,344.77
c01ce05a-864a-4e07-a1a6-ba65f4582ab1,2021-03-31,Home Appliances,South,6885.93,857.9,561.79
8e3bad60-1ebe-4cc1-9fe9-53d889bd68dd,2021-11-26,Groceries,East,3629.69,2218.82,444.51
e1f050ff-38b2-43ca-9c64-21ed59376ce0,2022-04-02,Electronics,West,6666.01,4237.68,473.89
de36c735-8a5b-42cf-9bd8-cea99181d66e,2022-05-15,Clothing,South,1551.19,3783.06,754.13
0471fe8c-2f7c-4a17-b53e-ca27fded8469,2022-11-22,Groceries,North,9543.07,2000.58,469.24
3a243c9f-3181-458f-b524-848acf619cd9,2022-07-24,Groceries,North,5451.9,4466.01,707.17
ea6c863c-ad50-4a04-827b-e0d31a4c71bf,2023-04-30,Clothing,West,310.65,1076.25,855.36
9ae5bf01-03c3-441a-8b02-d2845d4186c8,2023-09-06,Clothing,East,5896.19,4375.85,417.29
14a702f7-cb46-48cf-a01e-6d8bd1d8c8b2,2021-02-13,Home Appliances,South,2183.63,70.5,996.09
a01d0349-08a3-4d24-a10f-a8e2dd0035a1,2021-10-29,Groceries,North,1450.18,3232.7,494.81
b103b541-c15a-4307-95c9-56e9c55e8308,2022-08-14,Electronics,West,3863.48,2709.15,87.5
329681eb-9e66-45a1-b156-33dd5c97b4cd,2021-07-29,Groceries,South,9703.34,2489.05,25.14
ccf345f2-5f8b-4539-b050-ff22f4ea7628,2021-09-01,Home Appliances,West,4251.5,3798.15,318.96
f3c98507-6194-4ee3-a078-cf07008a6075,2023-02-20,Electronics,South,7475.72,3848.45,246.73
15d5015a-31bf-4107-a880-4502b4cb6a86,2020-12-25,Groceries,North,9682.93,188.05,864.97
cbf93ae6-0a20-4ebd-a93d-b5ec030cbfed,2020-10-29,Clothing,South,5175.23,809.23,265.81
2ee78514-2bc1-4760-bfcb-691a1de629ba,2023-05-18,Home Appliances,West,5975.82,1428.36,840.04
a5a79a98-cbf6-46c4-b0ac-c93a6e69b125,2023-08-17,Electronics,North,2273.33,1951.1,511.75
68983b06-e02e-4393-9de8-05c3512a6815,2023-06-07,Groceries,North,3463.75,4129.51,271.24
85cfea22-c705-402d-b9b0-303155eadd3f,2022-09-23,Home Appliances,West,980.87,816.19,630.68
240f3494-4091-4797-8aa1-09c1fd01147c,2022-06-14,Home Appliances,West,5679.27,363.33,993.12
d53e5ba3-7a57-46ed-b490-087e978dcff7,2023-06-04,Home Appliances,South,4846.46,1631.21,731.87
e7fc153c-f355-47c7-af37-9fad3be2f636,2023-06-14,Home Appliances,South,340.49,2199.53,667.77
4eb416f0-3e27-420a-af46-db97aec0582d,2022-12-25,Electronics,North,9625.15,3820.11,886.31
ae6231a5-9b70-4ec3-bda7-0821931c477d,2021-03-01,Groceries,North,1277.17,2177.36,41.47
103f5308-84c3-4ffa-a784-1f843f15c9ed,2021-02-05,Groceries,North,2792.74,1952.27,350.38
4e544be8-c6c5-4def-a6ca-fe2bfce31ccd,2022-10-24,Groceries,West,3800.03,4025.25,197.65
ce5f9fa7-4839-451c-a6ba-3bbce982c61e,2022-07-30,Electronics,South,8262.51,2732.51,345.36
96a4ba78-c49b-439d-9f6a-c0dbf4362043,2021-01-29,Clothing,North,5567.13,849.05,500.5
07ec7145-f6a9-475a-bac4-3b81816c9f75,2023-08-24,Electronics,West,317.34,4321.73,338.27
6cc103b6-7e96-4276-a28b-6757093a1c94,2021-07-03,Electronics,West,3506.03,4976.0,617.32
06b4e96e-e4d4-4867-9f76-d4b921df0d85,2022-07-08,Home Appliances,West,4234.77,3963.75,76.99
7fe6adbe-42ab-48fd-a136-25e44f28ebbc,2023-01-05,Clothing,South,5747.99,2627.47,862.62
c5c41ce3-3be6-4128-95e4-97cfbf5c8d2d,2021-12-01,Home Appliances,North,5903.38,2452.1,525.02
77947b1a-eb74-43d9-a659-7569b25092a1,2021-02-02,Groceries,East,7840.78,1769.24,562.21
84c5d89d-cded-40d5-bc5b-0ce256df1d33,2022-09-26,Clothing,North,7103.16,4978.0,696.75
58e0765e-2ddb-4805-ab7a-bc6aa9eba748,2022-12-02,Groceries,North,9622.52,2025.21,612.69
ce0d681d-4c87-4ee7-b3a3-d2514979af45,2022-02-09,Electronics,North,7478.42,1774.66,276.48
1113d112-499a-4115-9b1d-922bc799e044,2021-10-03,Electronics,North,9731.05,1775.24,999.9
16014a86-e15f-4e4f-ac0a-57b0e2a0da7f,2022-09-22,Clothing,East,8537.48,1119.54,829.94
78f60288-6abb-4299-9cad-6357f469cf79,2022-06-18,Groceries,South,9837.91,1420.26,667.81
0be4ba61-f013-498b-a20c-6d89beaf39ba,2021-04-28,Groceries,West,7718.93,462.25,821.14
cbad40a1-1dff-4c31-b4b0-8bf050ae8cd8,2022-02-22,Electronics,West,3152.77,3546.59,950.64
ff3443c3-1eda-4f07-ab15-826a1c545733,2022-09-06,Home Appliances,West,447.58,3077.98,299.48
487c7206-f3b1-4b0e-94d4-6f16fbe4c14e,2021-01-03,Groceries,West,1235.12,3573.68,979.26
86a6927c-1912-4aea-bc93-a7da0a9a4954,2023-06-09,Home Appliances,South,5175.83,1764.4,454.6
a78b114a-7182-48c1-b60b-0b1eb711e79f,2022-09-03,Electronics,South,4204.72,2682.91,415.08
2c816f19-458d-482c-b455-9734761cbb86,2023-02-13,Groceries,North,895.69,4898.17,996.74
fb5a8b8e-dd4b-4226-a6cd-e6019a41b0af,2023-05-21,Clothing,North,1823.93,1243.15,442.59
4b94c2dd-ced2-460d-9844-57f458c732ba,2021-07-09,Electronics,North,7017.46,205.16,837.14
0a42ec5a-7db2-44d8-a9e4-ace9c03f8fa1,2021-09-28,Groceries,South,6420.49,1383.0,872.16
5347fd02-7155-4beb-a968-698cc355028c,2023-02-23,Groceries,East,6645.97,1618.78,552.37
94baa3c0-56f1-448a-8ce6-6804356e07fa,2021-11-04,Groceries,North,9794.45,289.74,711.38
d9ef3aa4-1ef0-49da-a707-d880d9bbc9fb,2021-07-28,Clothing,East,8509.19,3476.97,148.62
a951bc96-c0a3-45ad-9c97-e6ebb9b5c873,2022-08-08,Electronics,East,6011.78,3940.48,424.41
c0215507-61ba-40f2-81eb-24fd6743132a,2023-03-17,Clothing,South,5866.04,1304.67,319.62
f4175063-1b63-4b5b-8751-d7cc8e75b53f,2021-01-07,Electronics,North,8104.84,2473.02,454.32
57bd566d-7263-4f9c-b736-757d0bd3f48f,2023-05-29,Clothing,West,1316.55,1903.63,525.51
3eaf26fe-0410-4076-bb78-a0b3a27b601d,2021-11-20,Clothing,North,2387.02,4049.28,389.86
eafdd286-fb4b-497c-9709-74ac83c79810,2021-11-24,Groceries,North,2461.05,1576.07,826.22
5d93a882-ca4c-42ec-b0e9-4b8cf3036aa8,2020-11-13,Clothing,South,9051.02,4803.47,25.04
e792ed48-b67b-4b72-bb38-e1b63430a78f,2023-04-09,Home Appliances,East,7563.55,2651.15,133.31
803d167c-9e77-4a80-87ba-d4ff9aac2e46,2021-01-24,Home Appliances,North,2540.68,1444.37,410.17
fc6eb19d-016a-4578-a50d-e13250076f37,2021-06-12,Electronics,East,4760.14,4687.1,67.77
75c019af-2957-4572-b9dd-de3fc7bc7547,2021-07-23,Electronics,East,7120.78,4277.83,363.73
e4fabbc7-56c9-447d-be26-d8fe1ae4df46,2023-02-20,Home Appliances,West,2567.25,1145.48,307.83
50eac4f5-107b-4a92-8aa5-453c440804b5,2023-01-06,Clothing,South,1538.45,2780.81,257.9
0f871fb9-9923-453d-89b1-8f0279821018,2021-03-24,Electronics,East,369.79,1201.54,822.43
e6224fa1-9e1c-4bc2-942c-3823f3896fb0,2020-12-27,Electronics,East,4231.97,4423.5,944.18
7cd66787-0d89-4253-ac1a-604f9209e00a,2020-12-27,Electronics,West,2509.15,2821.86,882.26
0a4aba23-173a-4b4a-8598-19310a0200f7,2021-02-01,Home Appliances,East,5856.06,881.6,255.47
a2f9f13c-2791-4070-8262-d4e292ffcd07,2020-12-22,Electronics,West,9877.49,1531.96,869.03
57470da6-09b6-4e9e-84eb-d7a53818176c,2022-01-25,Groceries,East,7970.62,3722.82,724.72
c63e3198-5b18-4b4c-b29a-9dccde4ab8bf,2021-08-16,Home Appliances,North,7920.82,4244.67,71.74
a4dbb112-2024-4424-a66f-9587925bfb80,2022-05-29,Electronics,West,1761.32,2552.37,220.36
0b11e523-36e1-48d3-bb39-6e32854fcb71,2022-05-27,Home Appliances,South,5378.86,2491.25,135.5
015b7fc4-a8ee-447f-a4af-103e8ebaccf2,2020-10-24,Electronics,East,951.02,107.68,826.79
a9689e65-6150-449b-996e-bdb873b5d288,2020-12-11,Electronics,North,909.24,4809.75,983.99
362ad0d1-2ac3-415f-b92b-7bd6c922ad4a,2022-01-11,Electronics,North,7482.39,2279.4,283.03
0fe7bb91-ef6d-4dce-af41-c50a9d099747,2022-01-25,Home Appliances,East,4183.28,1759.2,402.33
814f8677-3461-4377-9059-3b1b22c7bfdd,2021-02-09,Home Appliances,South,7289.34,4468.0,166.14
15f82dfd-43b4-460c-8bd6-1dd1137e6a6a,2021-01-30,Groceries,East,2502.44,1088.99,54.89
c8568969-6e76-4405-8116-d03f7295c548,2021-09-02,Home Appliances,South,8556.59,2580.81,76.36
5e0d612e-0dc0-44fc-a0db-f6ed4cfb2896,2021-07-31,Clothing,West,4517.93,2280.52,780.18
1fdb6775-1ad2-4c8a-a1ab-6fd131500850,2021-07-10,Groceries,West,7637.83,715.72,630.61
6d7fc39e-925e-4eac-9711-349e6ffae369,2022-02-08,Groceries,East,5145.89,116.78,156.26
51e99b00-2a4c-4dbe-b617-403a92b0fcf8,2021-04-21,Electronics,East,6701.8,1866.78,964.05
d09f9696-0ef4-4555-b6ba-6a2ba273cba5,2020-10-08,Groceries,North,5067.33,3457.0,142.28
ff7f2f54-2139-4a76-ac65-81e1830db865,2021-10-10,Groceries,North,4846.54,3683.9,835.15
fad7471f-be99-4ec3-a3b3-a51fa4c54252,2023-01-01,Home Appliances,East,2076.11,2014.69,478.79
5aa3d49f-9905-47f8-b4a1-e414698d5ce8,2022-05-20,Home Appliances,East,4459.69,2403.44,302.94
e027d0d1-d9eb-49b1-9616-0454c58a34e1,2023-06-07,Groceries,East,8106.34,4569.74,355.51
4793ca50-5109-43c7-bf6b-a89c764eb1b3,2022-04-12,Clothing,North,6414.81,1934.49,582.96
d170e6bc-17cf-48ad-a9a7-756bc4383726,2023-03-16,Groceries,South,6985.84,2532.51,677.84
7a389f6a-2bfd-455b-9061-3d82cf0b31c6,2021-11-10,Groceries,West,7595.74,4224.31,196.92
1e0effff-a3c3-45ea-8a6a-2ed921b32fdb,2021-05-07,Home Appliances,South,2242.21,2596.14,514.56
24411e64-e5be-4bd8-b682-335668bf41c1,2023-06-08,Clothing,North,8096.48,2611.05,901.05
67e27657-9151-4d37-9d5d-39a1dcba6a65,2022-12-31,Home Appliances,North,7798.27,2556.26,828.06
042934e4-a199-4b22-9ff8-776c6d8012b5,2021-02-23,Electronics,West,4810.97,1741.49,439.09
264ab243-eb1e-4f95-b4a2-37bb4a506793,2023-08-28,Clothing,West,4616.46,3270.13,61.64
11360ee5-19f7-434c-ba24-d70a921b2681,2022-03-02,Clothing,South,7322.14,4842.75,464.23
67b7cb03-9907-45ed-bd15-26435cf2b9cc,2021-06-15,Home Appliances,West,780.85,1046.22,112.18
456dc521-7d56-4f7c-b6b6-39ddd13bcd01,2021-03-05,Groceries,West,2637.9,3979.84,11.04
90c9e46f-d9cd-453c-8a91-1193f22e5cb9,2022-08-28,Electronics,South,8748.44,4700.76,193.15
2e8d07b4-d465-4bae-ae05-ba721f349602,2023-08-03,Clothing,North,1818.51,4830.53,366.78
dfb0bb18-777b-4afd-8ea7-9b518a823856,2020-10-24,Electronics,North,8136.59,94.6,990.88
a3e75ddf-c313-408c-b475-04a025ed5e4a,2022-07-04,Home Appliances,North,263.25,3057.47,929.17
cec82aa5-a5f8-405a-9d0c-8be2da6f973c,2021-11-24,Clothing,East,8329.48,1586.49,823.86
a785a6b2-528d-49c3-938b-728e29176c3c,2021-01-30,Groceries,South,3991.17,2524.04,369.65
20cc2824-9b63-4358-9623-64d0da20c1ea,2023-06-28,Electronics,South,3611.71,2931.27,784.25
2108a4b8-8f22-47cb-a488-dfb34b633455,2023-09-08,Clothing,West,7024.96,3851.99,24.13
ede61db3-149c-42cd-8d78-dc8a634d4ede,2021-11-12,Clothing,South,5363.76,1796.3,216.53
1a377281-5a6c-4917-a6bc-be83a067bee9,2022-03-21,Groceries,East,9216.43,1024.2,192.63
d09a367b-25a8-484a-9ad4-89efcfe9f894,2023-08-29,Clothing,North,1870.26,3307.57,615.62
d8cc38ff-fd6d-4d82-8d08-2bc124c33756,2021-09-13,Groceries,East,5105.77,2954.67,941.17
0e283a7b-0ddd-499a-ace3-85c96f6d64b0,2022-12-12,Home Appliances,East,8625.98,4534.38,63.62
559950d2-8b44-40fb-9b3b-340a09b98333,2021-05-05,Groceries,East,8984.39,205.19,651.17
a9e8f74e-b005-4e92-b5e3-5a779576c0ca,2020-11-24,Clothing,South,9315.24,2537.19,425.13
29051805-57b4-4ac6-9b02-7c543466eb60,2023-07-07,Clothing,East,3384.26,4584.81,926.71
f4e61f4a-381b-41fe-9747-00b9eccf10dd,2022-02-03,Clothing,West,6229.34,3586.42,345.74
0a2fd0c0-5007-4cf9-b0c7-c468a2396e59,2021-04-20,Clothing,South,1467.93,4896.05,660.45
b608f4e4-7618-40f6-9bfc-a8e25a102d02,2022-07-10,Groceries,East,2816.44,4886.56,612.88
7dcb8f79-4de8-460f-9b7f-133a75f8392d,2022-12-31,Home Appliances,North,3372.79,4484.27,87.12
ce6cbc85-4933-44a5-8c07-ad1baf2bab18,2021-11-25,Groceries,East,8061.12,839.92,116.6
52753611-6b71-4226-8b08-6bd0cc6ea131,2021-06-05,Groceries,West,2663.55,3588.39,611.93
0e6f0341-e533-459d-8ebd-cf696f018606,2021-12-28,Home Appliances,West,4270.66,837.28,924.51
f7f15f3d-26ae-4e3f-a7bd-87437ebfcb96,2020-12-01,Home Appliances,North,7686.22,3447.02,814.78
38a5696f-3874-4339-9609-bde4edf73b92,2023-01-10,Electronics,East,7765.03,606.5,775.62
6d63dcce-3a87-4869-a098-f87312ea736e,2021-05-19,Groceries,East,8403.38,3746.44,487.45
b51871ca-df30-45bd-9c57-5544d7d5bf97,2023-04-06,Groceries,North,6895.81,545.04,766.7
3245b106-27ae-49a0-9a7a-a9cbf574a514,2022-08-22,Electronics,South,2696.05,3936.38,638.93
fdeb831a-b28a-4b7c-804e-b60bf8e51611,2020-11-12,Electronics,North,5139.88,2703.28,83.98
01e269a1-40e4-4a42-b320-d5190ba680d6,2022-06-01,Clothing,North,504.89,123.38,777.79
b62bac68-11b2-4eef-aacd-ebf4f9792711,2022-09-19,Groceries,North,1471.1,658.19,391.21
bad635ff-88c7-4fbf-8570-2be4a0fd231a,2023-08-10,Groceries,South,9779.26,4435.33,320.16
d5796526-ffed-4808-bd48-b122af6e342d,2023-02-12,Home Appliances,West,8216.0,471.13,398.12
7c8745aa-2c5e-42b8-8056-ac97d36811a8,2020-12-31,Groceries,West,5834.14,4931.92,58.22
97c4f408-105e-4fd2-9eac-14b7689b5d28,2022-12-11,Groceries,West,4182.97,4602.07,37.33
31f5c049-f679-46f5-98ba-34d237d3c0e4,2022-09-15,Electronics,North,6030.92,2027.0,564.67
fd73e542-d86e-4549-be06-d06797e5a845,2023-03-28,Groceries,West,7063.16,2063.14,893.13
dab408a4-ba57-41ab-8ce9-6877eeefc60f,2021-05-07,Groceries,North,9561.57,4926.04,64.23
2709fd25-8a68-4980-8743-16511f3450e6,2021-07-17,Clothing,West,8384.61,4397.94,153.95
281591d3-2981-4b87-a9c5-9206c0e7802e,2023-03-09,Clothing,East,9420.15,679.21,215.24
ea6179c9-7e07-4bf1-bf82-e0513ae3abce,2021-07-13,Electronics,West,9559.91,4162.38,580.79
68f12c5e-30ff-4e26-9386-eab47e9c4658,2021-11-15,Home Appliances,West,2949.3,1300.94,409.11
8276bc1d-9f25-4c47-a707-503522bcd828,2021-08-11,Electronics,West,189.04,3199.98,61.03
5a542892-5efd-4fe4-8bee-a74f32bf4d13,2022-10-02,Clothing,East,7761.14,397.31,20.15
017753b8-5e26-4ad4-a5d0-e3f6be1043e3,2021-06-18,Groceries,South,2918.1,3874.83,834.31
a403fa65-2cc7-490f-bfb9-c85d8b09141a,2021-05-06,Clothing,South,5122.3,4694.57,123.37
51a13493-6a9b-4c27-8e9c-d934929013b8,2020-11-26,Electronics,South,3388.97,3714.71,330.09
6c4617ff-6911-4485-b134-20a95fce7331,2021-07-17,Groceries,South,1539.07,2912.89,71.95
a4425281-c934-4bd7-965d-f3a485bc87c1,2020-10-13,Electronics,South,3792.87,1306.65,338.49
6cb7e3b7-cee4-4b0e-ab1f-8730ac55dbeb,2021-08-05,Home Appliances,West,4903.3,2701.73,93.51
eb9edc5c-9bd3-4d07-896b-d94a3c3d70e9,2023-09-08,Electronics,East,3223.73,1949.3,409.27
3447adaf-671b-4310-9587-e8f6f93fd9d8,2022-06-13,Electronics,West,4852.35,2158.07,83.29
22229038-9e54-4d9a-b6ed-c76fb4fad93e,2023-07-18,Groceries,South,2271.31,3239.22,830.48
4fc85063-31be-487e-a739-72c96f2884e6,2023-01-21,Clothing,West,5163.26,783.54,79.76
f7d29b45-9f1b-4afa-baf5-e62f01598857,2023-08-24,Electronics,South,1643.35,1951.03,569.55
26849b36-b380-4a16-9cf5-10a9ab09ec43,2023-01-23,Groceries,West,6676.15,2645.58,569.64
a5a803d5-ef01-4d73-95a0-d25c0ce869d6,2020-12-14,Clothing,West,3587.11,3344.7,729.59
bb09b077-2bbd-48eb-81d7-177b1f06f9f6,2021-06-03,Home Appliances,East,4081.04,4083.82,746.49
1995567b-eb11-4170-aae7-b393d1af455b,2020-11-11,Electronics,North,9056.97,2360.4,351.77
b20cb5da-38eb-4859-bbb9-78c136410834,2022-02-12,Electronics,South,7794.32,236.09,390.04
3cda48a3-18fd-472d-acb4-ffcb228dc007,2021-03-03,Home Appliances,East,9774.21,1744.21,517.2
ef44d3ec-4cbc-4dc0-b34e-f49e975f2119,2021-07-22,Groceries,South,2572.72,430.89,119.84
c3f6530e-0f84-4aac-9a94-d289fae6b12c,2023-05-11,Home Appliances,East,4408.58,3114.06,550.29
cf8231b6-032b-47a4-9f2c-11c01e0ee22a,2023-04-01,Groceries,West,5234.95,602.67,49.86
09815cbf-43ca-4fa1-a07b-7ca2d511a7ec,2022-09-02,Home Appliances,West,3651.09,4715.3,188.02
274ca2c6-8c11-4691-9deb-8eed44eac4b2,2021-09-23,Clothing,East,2765.69,2441.55,915.07
4a6fa095-7e5a-4b47-95a5-060e3cffeda5,2022-07-03,Electronics,East,9475.05,56.45,651.42
2aa08309-1b76-4282-89c8-f2ee5893fe2c,2022-12-10,Electronics,West,2437.97,3289.68,745.42
9da20b29-9411-433b-8ff0-27d1390c7095,2022-08-03,Groceries,East,8882.68,3432.92,848.74
757c3bba-e9ec-471b-9914-287a15af6ae7,2023-03-12,Home Appliances,North,7866.35,845.54,53.26
7ec5a843-2dfa-465c-9f9d-cc80e2cbb51f,2020-11-02,Home Appliances,North,7413.91,2653.3,997.89
fd2754ad-630b-4f27-9d6e-54ea09bd4417,2022-01-15,Groceries,South,1732.42,1957.09,294.91
fd2ea41b-4bfd-46bb-a168-1ab68e18bde0,2020-12-21,Clothing,West,8799.1,2444.29,914.51
7c338f5f-2be6-4e6e-98d9-1da0309977fa,2022-12-01,Electronics,South,7101.18,4994.09,603.78
c3aef93f-1f81-4963-9dcc-ef099d6a864b,2023-07-18,Electronics,North,9763.98,908.36,447.26
360005db-5f71-48ce-a550-c4f1397ae86c,2023-05-16,Home Appliances,North,5826.07,4892.56,572.2
4580c48f-46e6-4600-a039-351e4b35319d,2023-05-17,Electronics,North,8666.12,3161.1,517.28
51a5d1f0-2851-4487-9f93-058d72dbcc6e,2022-08-11,Electronics,South,3975.27,1874.74,302.27
e841b042-0034-47eb-8383-2da568a62e33,2020-11-10,Electronics,West,2192.56,4814.76,541.1
ce95a346-1ddc-452a-9c78-eecb62719f6e,2021-09-21,Home Appliances,North,8672.11,4430.57,942.88
50146275-335c-4129-9956-27a0b1aef4b5,2021-04-26,Home Appliances,West,2457.85,1721.76,636.81
2684828b-5c63-4a68-9f39-af447cf24e2f,2023-04-14,Electronics,East,3288.34,762.44,762.26
65201158-2362-48cc-a24a-ce62fca0bc7b,2022-04-10,Home Appliances,West,5548.88,2705.79,713.37
afcf2a72-1eb7-49a6-ae16-61dc2a6898c2,2022-07-08,Home Appliances,North,1235.93,4613.45,485.02
ebeb9cd1-9b8d-4fe2-9b9d-02699fbdd9c2,2023-05-31,Clothing,East,6949.11,3021.61,609.18
933115ce-d7a6-4850-bb45-fcfdce2c147f,2021-11-21,Clothing,North,7128.13,489.54,501.77
3fd02e41-3305-4b4b-b884-10c0b8fa0b8d,2023-02-05,Clothing,East,2181.87,1978.94,516.63
fbca86e7-3177-47c6-bc02-7ca1e1aa6a7f,2021-06-02,Clothing,East,3604.09,2063.23,733.56
1ca06879-ded7-4235-aa6f-bf93ad621d44,2022-02-05,Clothing,West,528.94,4785.14,607.88
0efcd179-8b2d-4d5a-bbf1-5d55f8533c2c,2022-06-18,Groceries,North,1719.19,2808.23,90.13
b045280b-e1a5-4d5b-aa46-56c48c731357,2021-04-28,Home Appliances,South,5064.59,3458.73,425.58
13b1dde9-bafd-41de-ad31-4fbf887b3636,2020-11-21,Groceries,East,3210.4,3384.88,935.93
09a5d6ab-697f-420e-a579-b696ee066229,2023-01-04,Electronics,South,8748.99,1957.57,864.77
4b282219-e2d5-4a0f-95a8-1f50c726cceb,2023-06-24,Home Appliances,North,1238.84,340.67,983.36
d9f570db-cd64-4870-a4ad-962f43201015,2022-12-11,Electronics,West,7652.8,3094.19,563.19
74ada0c5-70f9-4284-91f6-c0eff62cb5cf,2022-06-13,Groceries,South,3157.9,4500.46,854.22
5fdbbe52-d3b6-4b0f-b630-f3509d291da4,2021-12-23,Clothing,West,4868.98,1140.89,679.63
09ecfda1-b017-4bc3-85b7-181e8f76b8df,2023-03-10,Electronics,South,7289.27,4977.76,792.47
88535dd9-f466-42be-8ff3-f3e869752f50,2023-08-13,Groceries,East,1003.34,4950.21,855.97
021bb831-0b58-4855-87e3-1604d3a12fe4,2023-08-05,Electronics,North,5866.99,1688.11,735.6
c780ceaf-32f8-45a7-a060-8dff5d96b471,2022-05-15,Electronics,West,6006.55,524.04,567.88
4b761c79-0e46-424b-91b1-9db92e50ca20,2022-07-18,Electronics,South,299.95,3954.05,825.35
9f9d9980-eb4e-4582-9b3b-1ac91dce73e9,2022-09-23,Clothing,East,7328.14,502.82,592.21
d44402a9-e83a-4631-b80a-7f2ca5c52ac7,2021-01-15,Home Appliances,South,3974.82,685.55,893.17
24c84e4f-1751-4e54-9bba-8acf7903b0be,2020-11-14,Clothing,South,9428.71,4615.3,535.91
20957508-7e3d-4f51-ba4c-8b02fcbaed28,2021-11-09,Electronics,North,8657.84,1029.29,302.53
6809e756-7c56-40c7-9b1e-6003595bf09d,2021-04-05,Groceries,East,9096.24,2972.35,233.76
bc5130e9-2786-4033-af30-658e2b84a682,2021-10-30,Groceries,West,1387.96,1180.14,501.05
bdbbd631-5b66-485b-b782-a7920395604a,2021-02-05,Home Appliances,East,3104.54,3685.39,278.6
44b937c5-6f7a-4c49-a00d-4e212a00dd51,2021-08-16,Electronics,West,876.53,4496.15,667.2
617ec372-af19-4c7d-a172-e6bcf3a2d54b,2021-09-28,Groceries,South,9743.24,950.89,871.68
7d1f1d3c-3c31-4e03-a30c-11aed96b5307,2020-10-30,Electronics,West,270.24,2712.22,484.95
ed817f02-c769-4b99-a840-86e5b0aee225,2022-03-13,Groceries,North,1349.34,4084.84,278.14
cb76597e-9fdc-4839-b378-71e6bfb950ea,2020-10-09,Electronics,East,8994.5,3512.1,853.84
6cbda880-8dd0-48cb-9ea3-5f9d1c73723b,2021-11-03,Groceries,East,8678.16,3969.33,739.12
7c7bdde6-f57e-4c94-8c0a-33bea16fb89e,2023-07-02,Clothing,West,140.3,759.98,215.06
a6c614ff-178a-46a1-b74d-0ff39c9e4727,2022-06-19,Clothing,North,5817.08,66.7,135.88
f09b9d5e-4fdb-4be0-bd32-0c0ef276e091,2021-12-26,Groceries,South,4901.17,253.27,325.56
93917924-8b06-413b-9733-a55879fba29d,2021-06-15,Electronics,East,2277.88,913.31,323.44
64318ffb-92e7-4b07-8288-fd61719f4010,2021-09-02,Electronics,South,8824.05,1195.64,652.67
d1b1a705-0332-4da2-946e-e93f344c6a0a,2023-07-24,Electronics,East,7366.58,3392.64,196.86
b8834b95-aa3f-42ca-beda-9f00adc87217,2023-03-14,Clothing,South,3563.03,1397.18,543.26
5a97b46a-51f2-439c-a42c-a2d1469ef499,2023-03-28,Home Appliances,East,9693.45,1128.47,556.85
6a823602-9a1b-489d-8638-121f37144c81,2023-03-15,Home Appliances,South,748.22,1909.06,954.63
2cdaeaf2-569c-45a3-a1e4-03e6164aff97,2021-02-14,Groceries,South,9093.93,521.27,854.0
1b68d548-42d7-468e-9c60-ce403453698f,2020-12-11,Clothing,South,7185.49,4593.72,466.21
83b01db1-fb01-4252-9ebe-62e8f842cc30,2021-02-03,Home Appliances,South,4283.29,4485.96,540.8
d0840414-d51a-4119-b962-6689ba029e1d,2021-11-20,Clothing,North,7637.54,929.33,77.75
5dd8a908-5609-4719-a822-0a9ec44e8fb8,2021-02-27,Home Appliances,North,4460.89,1668.91,516.75
e052907a-b90b-47f1-8725-22e811bec2c2,2023-03-26,Clothing,West,3508.8,4319.81,738.25
65c7219a-fbd3-4886-861c-f89286a33dfd,2023-07-31,Groceries,East,3901.17,673.04,712.75
99741bca-215c-4d1b-a20f-2fd74c2f6fba,2021-07-04,Home Appliances,South,5456.75,802.13,44.44
a8db66b6-581a-43cb-b612-3ab94858ac1d,2022-11-29,Electronics,South,6205.33,2605.43,579.7
10776b66-4772-4220-b220-dbb2b86b4079,2021-07-24,Clothing,East,4217.03,2370.12,397.51
3f5ac459-3525-4700-9672-41cde713dca1,2023-07-31,Groceries,West,968.48,2699.76,130.39
7b87579c-b21f-4427-bf0f-ee9a7274fed6,2021-09-05,Clothing,South,6767.54,3759.62,176.25
61bf1c96-a1ac-4724-93ca-051c6a5f891a,2021-10-16,Clothing,North,2094.97,1241.52,602.53
d25618e3-8165-48b7-9143-646119e1e5ec,2023-02-11,Electronics,West,4124.28,4443.28,552.49
051671b7-6c51-4f18-b530-41ba75c40838,2022-02-12,Home Appliances,East,5303.8,1131.54,99.95
4d27812a-12ed-4de6-aa31-b3946afda77b,2021-04-20,Home Appliances,North,9254.63,543.21,138.92
a81cbbd3-3009-475a-93df-effe7386095f,2020-11-22,Clothing,South,2033.55,2905.29,642.64
f0d74bc3-5f07-4c39-90ed-5718477c29c7,2022-04-10,Groceries,South,4373.2,2004.74,644.62
74249283-2088-4f3c-a9b7-357d28b324fe,2021-10-25,Home Appliances,West,2694.74,4012.23,643.65
695f4fa1-4a39-4a09-ba00-57323ba2602b,2020-11-02,Electronics,North,6068.34,192.94,351.92
1eacfbc3-c351-4c35-8deb-72ee4102ea83,2022-06-02,Electronics,North,7711.71,1069.24,648.05
9a823c25-158f-46a6-ab66-a4e8776854af,2020-10-19,Home Appliances,North,9749.73,2230.68,522.77
e1d575c2-cdbb-40ba-8f5b-cdd5f48cfc63,2023-04-11,Home Appliances,North,2199.2,84.73,244.24
014a4048-0d8f-4843-b6e1-2b3b9d104701,2021-05-04,Groceries,North,4771.22,3041.14,837.57
d07a29b6-d8c0-4217-bd1e-94a4d54cf534,2021-07-26,Home Appliances,North,2971.19,1678.77,723.44
725052ca-2bc1-4e92-a02a-650d3209381a,2022-02-28,Electronics,West,6676.38,3586.89,878.51
d098abd7-7682-42dc-974d-fed8de11f7ca,2022-03-02,Home Appliances,West,977.94,666.21,501.38
ee869dc0-5549-42cc-8d72-31f892d55c09,2022-01-24,Home Appliances,North,6164.79,3287.65,237.8
1473ce30-41a1-4a70-925b-576826fe83d3,2020-12-03,Clothing,South,1447.35,4611.11,247.67
5c30b586-ce46-4134-8877-de5b7168c1a3,2023-06-16,Electronics,East,276.5,1450.42,522.03
d56db235-73d1-4ab7-a78e-63463646f164,2022-07-29,Home Appliances,West,6370.2,3709.08,154.13
430f085b-dc02-41a4-a6dc-f423352f2637,2023-06-02,Groceries,East,5127.97,1634.96,727.44
711c202f-6f15-4eee-abb9-9f232d0a4085,2022-05-26,Home Appliances,South,3658.99,4065.16,199.7
488b7cb8-de7d-417c-9539-64c282d99448,2021-03-12,Clothing,North,9947.55,2631.13,429.61
ef2e16ec-7aaa-442e-9bca-8a691e260745,2021-09-15,Groceries,South,7284.01,1925.28,45.12
2ebe00c1-faf0-43ec-960a-8e8dc712f6cc,2023-08-13,Groceries,South,4464.68,1474.58,664.6
0032a372-cc1a-4b15-9134-53924ddce5d2,2023-08-22,Home Appliances,North,5314.47,4158.99,494.39
0b3c125f-ca4e-4962-9f58-8e323576a3da,2022-05-06,Clothing,South,1637.92,785.59,576.9
7d008ea4-580c-481e-828a-47dbe4fac6e4,2021-06-07,Clothing,East,2722.25,1097.42,942.36
ecaf8023-62b4-4bff-ad42-e7ee6d18f79b,2020-12-27,Home Appliances,South,1479.03,4584.55,540.87
eab0bc46-47c5-417e-9cdb-fa21162b8385,2020-11-15,Clothing,East,9375.39,4203.21,305.89
543291b6-a68b-4109-97a5-d69258713675,2023-07-16,Electronics,North,4754.95,472.15,373.0
9ea49d16-e50b-48ba-b12e-70ea69cd5ebb,2021-04-15,Electronics,South,9274.6,549.95,253.18
eafbd26e-2a17-4390-ad1c-2e1a7d8159e7,2022-08-01,Groceries,East,522.99,4311.1,686.75
a08ec304-d311-4e5f-b2f7-defde3a5cebe,2022-12-03,Electronics,South,5934.52,2354.98,267.44
f23d9aae-7c69-4112-9599-817f95acb085,2021-07-21,Electronics,West,5899.85,3528.44,795.07
df12a523-03b2-4b0b-a1ed-8150916444f7,2020-11-16,Clothing,South,1708.49,3145.25,682.04
97ee5346-8f35-4bed-88ac-2f08263b5fb2,2022-03-09,Groceries,West,5853.62,3652.38,522.61
044ecdc6-0e3b-4dc4-ac78-086f67093287,2020-09-29,Clothing,West,9550.94,3268.42,631.77
71c984fa-9ff3-4bfc-8d81-68872ba1f843,2022-08-18,Clothing,West,230.26,760.53,605.06
06151e26-27ea-49ba-817d-1668b59c13ed,2021-10-23,Home Appliances,North,7692.43,764.08,640.46
3d3959a5-04c6-4c5d-88af-4084f60ac5fb,2022-04-07,Electronics,East,1628.03,3827.86,822.99
374fd215-7865-4e1e-846c-2fe65049d026,2023-02-25,Groceries,East,6244.08,386.17,286.64
6e384754-f9d0-498f-a2ad-8b2ab870a17e,2023-07-31,Electronics,East,2768.36,2365.78,782.26
eb6abe36-6ccf-4d0b-8b5e-9b301de3c1a2,2021-05-25,Electronics,East,5825.35,4960.18,711.16
e9baf8e3-8b3f-434c-b8a7-8cb0ff53fb87,2021-10-23,Clothing,South,1499.45,4896.69,68.03
26d5227a-5460-4018-be54-b5fc6e9ed576,2021-10-17,Clothing,South,3395.29,3204.39,396.58
c7ca94c0-cde5-4501-9dca-d7b103c5f43f,2021-08-05,Home Appliances,West,319.51,1517.6,249.45
513e08ca-eb22-4839-aef1-0686ecd7b70e,2022-07-20,Groceries,South,7783.88,2983.14,152.56
d7d1cecd-8d29-447f-8d85-9207108d14c7,2023-07-20,Clothing,East,8738.8,1104.34,326.48
394cb4da-6ac5-4e87-b4c2-cd69123c5e66,2023-02-15,Electronics,South,8759.76,3837.82,426.62
bb659db9-16df-4cf9-bd5a-6cb3415a2600,2020-09-17,Home Appliances,West,5240.79,4896.89,713.7
ef34b8a6-6833-41bd-a955-a3fc33590d2d,2021-01-06,Electronics,West,7185.72,3296.12,988.36
ddab751e-161a-4fa6-b798-7542c371dbc9,2023-05-17,Groceries,South,9247.69,1526.28,450.71
8898f52e-90c8-4480-bf3e-e87fc70b8098,2021-01-13,Electronics,West,6393.29,1222.66,650.81
e61ec056-619b-43c9-8ef2-649ca550d167,2020-12-20,Groceries,North,9042.4,1566.06,374.24
f078a733-e9ee-4c2e-bcd4-bd254f54ba12,2022-06-16,Electronics,South,4554.4,1962.27,646.89
765dff98-4500-4fc6-aed6-d86ece15113e,2021-12-25,Clothing,East,614.5,3894.84,292.49
7cd9e2f3-7054-41e9-b245-10f4a221ee83,2022-05-31,Electronics,North,6257.86,2148.15,615.18
1f0f4794-ad23-49e8-876b-f60afaa47337,2021-12-16,Clothing,South,5732.59,2611.91,168.72
7caba2ec-b238-41e2-9484-96153267447a,2022-12-20,Clothing,West,174.48,579.53,391.04
1232c955-e0db-468f-8a5d-701e00562383,2021-05-27,Home Appliances,West,2645.27,2449.75,476.12
d3e7a6a5-e6ff-4ad5-9c56-a0a396f8cb89,2022-12-20,Groceries,South,5202.34,706.91,502.43
a32ab86d-5345-4e87-84fb-e47a0eb24d6a,2023-07-25,Home Appliances,West,9509.82,901.34,25.39
e476ac2f-dc1c-47e9-9e41-5ebc99831e0d,2023-01-24,Home Appliances,East,3454.99,3557.07,862.14
5a42424a-b996-4000-9b0b-27cb7c0944ec,2021-05-30,Home Appliances,North,1181.75,204.45,317.04
b16bdf62-7c09-4018-a304-5c84f6c8c04e,2021-05-22,Home Appliances,North,6258.14,4606.01,337.12
874e590e-a470-4383-8d10-bead07cfd02a,2023-05-28,Clothing,North,7815.69,681.21,644.56
65849fc4-542c-458c-b3f9-dad6e883d5e6,2021-06-05,Groceries,South,2574.64,3817.83,913.0
d6e4f0b2-67a6-4a13-a40e-454f98a7aa62,2021-05-17,Groceries,East,4469.93,3451.73,360.5
889d8797-d221-456a-ade0-8a8663f824e2,2020-12-25,Home Appliances,South,8505.82,2080.16,588.24
6b1bae98-4146-4065-b229-02a92009ffde,2021-12-25,Groceries,North,9865.9,2810.3,458.3
28027887-c280-46bf-adbe-03a14a49e59f,2022-07-20,Home Appliances,West,1051.0,4750.62,529.65
8f61d06e-9d36-439b-a15a-d991e333adc8,2021-05-30,Groceries,West,7037.83,3290.18,245.07
3dfc0677-ae84-4944-99cb-766c436ca55b,2021-08-23,Clothing,East,6407.0,528.31,66.72
8e608bda-342d-492e-b7ee-02ba99905340,2022-12-10,Home Appliances,East,8425.04,3023.87,308.36
7622941c-f7d9-4f0a-8f86-ea27e2112590,2023-07-19,Groceries,West,5315.71,2811.62,681.0
f5dabff4-b01d-4aa2-88f7-a1656c7bd1b5,2022-01-20,Home Appliances,West,101.33,765.02,102.24
8357ebfb-7274-43ea-8168-f70e1f2008a0,2022-04-30,Electronics,West,7555.55,2289.06,206.41
c958cb43-6436-4989-bf27-d51e5f63ac08,2020-11-01,Groceries,West,3807.41,3363.8,466.61
30b2542f-5de3-4fad-ac73-e55f7d27c266,2021-06-07,Groceries,East,5504.0,4690.79,406.32
d006a138-4957-4515-aa1d-3a812778ed0e,2023-04-03,Electronics,East,1122.21,580.34,727.47
a73e113f-08b3-4c85-81dc-10489d915016,2022-03-11,Clothing,South,3193.45,619.44,780.4
d95204c6-1246-47c0-aa9e-75a966b420cb,2020-12-16,Groceries,East,8899.31,556.67,620.35
e38924fb-c0a4-4143-b9be-d82b63ec3c52,2023-03-02,Clothing,West,7430.83,1266.88,838.3
a452453a-4081-4b53-ba77-168d97ab1f82,2023-03-29,Home Appliances,West,6871.72,2250.62,174.06
c019b769-d5e2-446e-b40d-9fde0c34b1e5,2022-03-16,Electronics,North,2652.54,4155.87,176.13
5c2d6049-46a4-4f65-bb2a-ac534eb1c06a,2022-06-16,Electronics,North,7075.87,2876.17,565.11
3f333b3c-6f2b-4276-906e-b4a29582a3f9,2021-01-07,Home Appliances,East,261.68,657.37,316.71
41f14e93-f6c0-44eb-908f-2aef8e6a5a66,2023-02-15,Groceries,North,6340.26,1938.11,263.93
963e266a-dbb0-42d7-a701-ad665c826f8f,2021-10-16,Groceries,West,3900.02,2342.42,598.64
ee7ba76c-3c8c-4439-ae9d-fb0ec92f1c35,2021-06-28,Electronics,West,5641.5,1871.69,431.21
84ea5709-33a7-4daa-9a4b-1bc052ab4f62,2021-11-08,Clothing,East,8081.77,2965.63,970.78
b58f19d5-0fc5-46f9-8de6-aeae56a33bc9,2021-01-31,Electronics,East,6064.49,1452.29,517.98
e503c97a-5177-4b5c-b458-fd4bfc10f129,2022-06-27,Clothing,North,4781.73,4271.98,740.12
5c0f0464-5790-4df9-99a0-206e31b6e0ee,2021-06-28,Home Appliances,North,8817.82,3603.26,260.74
7d01f56f-706e-4115-be31-82aac4a0638b,2022-12-14,Clothing,East,2800.87,860.85,880.25
fa300f99-796c-4f23-9b11-a638d6cae3c2,2022-01-11,Electronics,East,9010.82,1651.64,32.99
17be20d0-ff0c-46d2-9bf3-8a836778c01a,2022-03-21,Clothing,North,4795.25,3952.48,705.93
0fa3ee78-fd54-4b4d-b35e-eb97675f01fa,2022-05-18,Home Appliances,North,6788.48,154.02,110.9
5bbde579-f385-4fba-b0f1-05290644311b,2021-01-09,Electronics,West,7319.24,4101.83,190.4
900ae7ae-9ab1-4ccd-8243-c43471d0f1db,2023-05-30,Home Appliances,East,8182.16,4758.84,605.62
60e89c74-7900-4e11-b81d-9bef6f1e7b69,2020-10-16,Clothing,East,5562.03,212.97,419.8
8ffdd343-ff45-4a86-8aad-b0c60979b8c1,2022-11-01,Home Appliances,East,4723.25,4769.6,446.45
3baf75da-947e-432f-abc1-6ba7656bb892,2021-07-18,Groceries,South,217.92,2857.15,77.44
95d0319d-0ebe-45bc-b217-6929c63d4c71,2023-07-24,Groceries,East,9920.99,3315.48,721.9
8c3c5047-215f-49aa-80f0-309596f82cfb,2021-01-05,Groceries,East,6965.52,4707.93,410.9
3aa901a3-6361-458e-9356-d0da0f04597d,2021-12-02,Clothing,West,2861.51,439.64,32.59
ef94a66a-79bf-417a-8e85-663526a3b162,2021-04-25,Home Appliances,North,4824.04,3731.32,741.85
b554d310-449e-4cee-a0bb-3a384f0eb274,2021-11-11,Clothing,West,128.46,3102.47,833.46
c0b0f675-26a9-44c8-9465-c0237a860a84,2022-03-09,Electronics,South,8682.8,3859.64,424.69
d3e80ecf-6493-4fbb-8ac0-458dfbd1ee79,2021-02-23,Groceries,South,7069.18,3522.59,73.56
8794bfc0-a771-4d12-b3e9-0fa816691abf,2022-02-11,Home Appliances,South,485.0,1763.36,646.92
5054221b-2677-4af9-85d9-0c051728ced4,2021-06-08,Electronics,West,3871.57,3242.7,763.9
058208f1-2b50-478b-b092-1ac484d24117,2021-05-12,Home Appliances,South,7736.64,1451.76,972.02
c14c848b-1eea-4ce0-b088-7e9ed0a1429e,2020-10-03,Clothing,East,5582.57,3158.12,638.86
b8238cfa-2180-4d30-9bfe-8e92ac2dbc0c,2020-11-21,Home Appliances,East,6766.13,812.34,677.83
2a4beeff-382e-4a95-9c7a-7c8d79003baf,2022-03-23,Groceries,South,4372.22,4845.01,717.01
237b515f-f145-4375-9396-95004789274b,2023-04-23,Groceries,North,9742.5,4955.75,835.66
7ca76e47-2236-4fec-ac67-e5acf2e0e86f,2020-09-18,Groceries,North,5903.31,3023.35,474.99
6a398371-8e2c-4bb9-91dd-856ddca71a45,2022-11-05,Groceries,East,3759.78,2122.77,914.36
2b80db42-8dbc-4bc6-a5e1-04701e74df99,2021-02-25,Electronics,East,6498.42,891.14,46.89
57e03da3-fb67-49fb-bdba-263db3f35ba7,2021-04-12,Groceries,East,4447.6,2232.29,75.17
8714bccf-8dac-4a89-8b90-a9e002193701,2023-04-17,Home Appliances,South,2344.9,1690.43,382.97
c4f75e96-b3d5-43f7-a5d8-20436f096fa5,2023-08-28,Groceries,West,6286.55,822.16,823.57
04927904-cefb-420f-b597-839bef8fb337,2022-10-03,Home Appliances,East,5021.4,392.17,108.59
96ae9798-93e4-4909-8589-b72b012bf4e9,2021-07-14,Clothing,West,9437.42,208.33,652.49
6a192eeb-ee46-4467-9284-51db77733364,2022-11-07,Home Appliances,North,1871.97,3288.32,987.72
3bafcba8-a3cb-4dcd-9ea2-8b9b0023bbdc,2022-09-07,Electronics,North,9190.22,2214.42,437.19
551f3810-e047-4383-ae1a-0bc009ae286e,2022-04-15,Groceries,North,2965.45,2230.05,958.34
89960d1e-1be9-4925-82cd-9942752d65f6,2022-11-29,Groceries,North,474.81,2420.24,896.77
719ce79d-2423-46db-aa7a-b8d07e130a96,2022-04-16,Home Appliances,West,1155.45,627.77,816.62
991c7c6d-a568-4c4c-bbf5-95337f9a74f2,2022-03-08,Clothing,North,2899.98,3999.78,308.79
0ad9e58c-f95b-42fd-8b1f-fe162717bbb9,2022-12-25,Clothing,West,419.83,4108.18,338.5
befc9449-7af4-48ae-80ab-6dc7b4f04016,2023-08-12,Groceries,South,4666.93,346.27,654.32
5b119f43-9b73-4cc8-9a7a-498563b57435,2023-08-16,Groceries,West,8306.63,1137.79,933.87
e355bf4c-ea0a-4bb1-ad85-4c1c23dff483,2022-06-22,Clothing,South,6372.59,2763.58,213.79
88fc5fa5-7d79-42b9-94b3-5dad847674f9,2020-11-07,Groceries,East,8773.08,2148.55,52.24
67b4b543-2d38-4ea0-9594-58a645cc0730,2021-03-12,Home Appliances,North,9265.21,1875.8,301.64
e8413207-69aa-4261-bd9f-5b6083aedf90,2021-05-03,Home Appliances,South,674.2,213.82,52.67
11112826-fef6-40c9-81c4-f535a03128be,2023-05-06,Electronics,West,8762.11,4346.01,475.03
793000e0-31a0-4e45-9f13-ff56a5005f3e,2021-09-26,Clothing,East,904.35,739.3,948.05
a2092faa-748d-47fe-8806-0a52b6cb9dd2,2021-11-21,Clothing,South,5651.04,3988.18,86.06
82a3fecd-0a3c-4e16-b8a0-9a0274dcc434,2023-03-13,Electronics,West,746.66,3896.78,124.65
cd0d0ed6-6ba3-4e52-a338-f5cb3c607482,2022-12-07,Clothing,East,8224.94,4675.52,438.5
3130f297-fe83-4fe8-85e4-9f06e0563cb6,2021-09-22,Home Appliances,East,1239.8,3602.23,451.23
7e42c556-3888-4648-aba6-e2d3f42dd0dc,2021-02-19,Home Appliances,South,5063.97,4445.53,544.46
7cfd147e-fd2d-4a3f-8a92-c5897c46fd77,2022-04-23,Home Appliances,East,1468.15,1893.93,851.16
b70653d7-f3d1-45ed-9b48-d6fdf77a2e29,2020-11-08,Clothing,East,5163.31,449.7,511.48
9f285497-a35f-4382-a687-0df3474df084,2021-12-17,Groceries,South,447.44,4402.57,255.63
32cf551a-d667-4515-b74d-036874e93903,2023-05-09,Clothing,East,7318.86,4973.48,897.4
930860d6-bf83-4e79-95c7-2937ac528f92,2022-10-06,Groceries,South,5333.43,1654.53,701.76
cdcf9a25-4368-4779-a4d7-f1c60815b477,2022-12-05,Groceries,South,5511.45,4548.57,249.75
317bfc93-53e8-4ee7-be23-59afeb1a23f2,2021-03-10,Groceries,East,6965.21,804.8,411.04
4bfd64bf-624b-4ebf-9558-048efaf51fad,2021-08-12,Home Appliances,South,7796.17,1853.53,290.79
9b4ff894-39f0-4c2d-a26f-30f519a5a8c1,2022-10-26,Groceries,West,3593.73,1899.59,17.9
69a79f16-9143-4289-b734-0c634bf335d2,2022-02-21,Home Appliances,West,1516.92,3715.85,695.86
ef11cc24-f14d-4be2-9e2d-034aec1c9771,2021-12-17,Clothing,West,6559.58,727.42,124.67
ccbc81de-c20a-43cc-9ce7-9733e17c42e7,2023-02-28,Electronics,West,4946.57,2445.33,134.54
b70865af-10a0-49d1-8881-7ebd57809ee4,2020-12-26,Groceries,East,9661.65,4095.85,873.49
7458b940-0da2-498b-b478-54fc077a92eb,2022-04-20,Electronics,East,1804.7,3299.86,815.1
ba0edbc3-a7d9-4e40-9c47-08360e6a264d,2023-03-17,Home Appliances,East,3302.8,4927.47,104.12
ca0e7bd8-fe2a-423c-96dd-e068540273d7,2021-09-13,Electronics,South,7952.97,765.83,258.8
48668063-3b33-469e-ac72-e4f83ccb4e23,2021-10-04,Home Appliances,North,1976.23,622.91,674.18
678df88c-58da-43cd-bbe1-e8f0dca90ece,2022-07-11,Home Appliances,East,2505.3,4006.3,771.75
83904751-6504-4b12-be58-dda673578f2a,2023-05-04,Clothing,North,9578.47,3884.72,990.13
5a9724f3-3f11-402a-a320-62d200d21c49,2022-08-24,Electronics,East,5617.53,208.35,338.69
95426969-6fbb-4e41-8be6-d126abf525dc,2021-09-21,Home Appliances,South,4001.39,4833.26,426.92
65aec2b8-0670-42ac-9792-c591845f701d,2022-03-07,Home Appliances,South,2774.7,4008.74,920.58
4f011ee5-9477-4507-8664-f2906dd0315a,2023-07-24,Electronics,East,562.08,4905.81,725.45
1899349e-9265-485b-b357-3cab0bf12694,2022-12-21,Home Appliances,East,9957.95,3260.36,17.71
5d1963f9-3ee7-4521-a663-f6148e903fce,2023-06-05,Electronics,East,6815.42,1172.32,988.58
951d5f0a-4588-4e6f-ba38-6d5348976dc9,2022-01-21,Home Appliances,South,9327.63,4310.75,711.57
d917cb70-e8b5-4f18-8215-dc5ca1560234,2021-01-06,Groceries,East,2608.6,4636.87,824.39
8aa07566-555a-4ff1-887d-7c1186e180e3,2021-11-21,Clothing,South,6375.89,896.22,207.25
cab71bc3-0c9e-4c23-b6ae-8135a6782edf,2023-02-19,Electronics,West,5712.5,2986.83,413.93
3e033c2a-5974-475a-8c3f-9c19b5a24ff0,2023-05-16,Electronics,West,8153.83,3407.97,265.47
007868b4-4fbe-4dc2-912e-46fa1c4fb0d0,2020-10-25,Groceries,South,397.44,3053.6,336.1
5e74969f-44be-46f7-8f6d-340bf5275059,2021-10-05,Clothing,North,8909.38,1209.31,553.15
d9a10ee6-0814-495a-8877-f4dcbb1fee03,2023-03-13,Electronics,North,2059.5,4835.31,646.51
2855918a-5f83-42c6-8cea-2d7a017f912d,2023-05-21,Home Appliances,West,7555.53,4459.74,459.34
86544092-d97d-4acc-a23e-4dbade1768b2,2021-08-23,Electronics,North,5512.73,2275.71,622.89
44d17da3-923b-49d7-ba03-bad7c520878f,2021-07-23,Electronics,South,3414.06,4118.72,371.57
2ca92bd0-42cd-4b10-8332-3f1e19026c73,2022-01-09,Electronics,North,7736.69,132.66,370.05
29316d34-43fe-4ff8-af7d-7190717d860b,2022-10-21,Groceries,East,4850.95,4510.21,725.14
aeb5976b-0751-4678-a9d2-d73f5a057584,2020-11-25,Clothing,South,7364.66,3201.39,901.74
fd15fa61-baac-46bd-a970-3224533b87bd,2021-08-09,Groceries,South,7276.71,3175.8,921.65
3ceab7b1-34ca-4b39-a947-e3c8d11f01a0,2021-06-12,Groceries,East,7665.53,123.2,869.93
5ee14244-4388-43a3-9aa7-b4bcb4ab5255,2021-07-02,Home Appliances,South,1963.11,3754.46,419.25
5794e3d0-aa34-49e6-bc12-4ede16cb972c,2022-02-22,Groceries,North,3983.82,811.58,434.58
0830edef-e8d6-4795-bf41-3e4509d4da99,2021-01-23,Clothing,North,9994.5,4145.09,739.37
243817c6-2bb1-4f15-b22d-eb0b460df30f,2022-04-25,Electronics,East,6465.08,1112.64,72.54
9de79976-cb1f-41ad-921c-ee6730885d20,2022-09-11,Electronics,East,9333.94,4547.31,12.2
71f866d9-7a7f-421d-bede-15be060b4974,2021-10-07,Electronics,West,9119.75,3756.86,107.76
6e4bdf37-3573-4de3-8d2b-f0712c27d0c7,2022-08-08,Groceries,West,1626.8,923.03,264.04
1a7de46a-0cb6-4877-818c-a9ed5ef7a532,2023-06-17,Clothing,North,9037.96,2134.84,543.09
a75c490c-7370-47e0-b8b8-991518b5689e,2021-12-23,Clothing,North,4301.0,2347.28,258.3
18f5569d-a8ed-4257-a3aa-596d8163afc6,2022-11-25,Electronics,South,3219.7,1299.62,292.05
9dcf2d27-c920-4849-b308-116fffaeb86d,2023-05-08,Home Appliances,South,6118.42,165.4,937.91
c976fcb3-ff76-41dc-a789-cc0ab2323901,2021-01-25,Home Appliances,North,5186.03,2535.51,427.66
4811c955-693e-4dc7-bb1d-4cae99f9648f,2022-08-29,Home Appliances,East,7336.96,3818.46,725.15
935cd5ba-3f49-4e67-a08c-cf5ee86a7637,2020-10-05,Electronics,South,9657.43,2101.76,94.79
3ed36081-953e-4606-94b3-29068055fab9,2020-12-16,Clothing,East,8003.53,3576.74,35.2
b649a563-7524-4422-9ca8-abcc2d922a81,2021-11-19,Clothing,South,4978.92,4058.38,948.79
645241aa-00c0-45d9-b49c-c8bc40cbb105,2023-03-05,Home Appliances,South,3561.84,2385.16,450.46
0ba3f904-3a25-4701-8f93-83393fd63e42,2022-06-12,Home Appliances,South,7466.5,3532.1,480.15
df63cf09-8ba3-4af2-98dd-a4a45af434b2,2022-02-28,Clothing,East,1931.68,2956.35,34.74
d123f7ac-a1eb-40b6-930f-2c935ff4d51b,2023-01-20,Electronics,North,3621.89,1573.92,76.02
