Transaction ID,Date,Customer ID,Store ID,Product ID,Product Name,Quantity Sold,Total Sales Amount
85e78158-51a8-484e-8710-cf95989984b1,2023-02-27 09:16:33,9364,10,25,north,1,423.77
2bcb7075-11f6-4e07-954e-735c6c441190,2023-03-11 00:24:17,3214,1,9,often,6,381.4
3324e7c7-db9d-40a1-8bbd-588ede7b1055,2023-05-23 06:55:10,6103,8,9,consumer,3,216.08
ed612059-27f6-4461-813d-d99145289c73,2022-12-11 14:26:39,6081,5,33,imagine,10,136.87
a172a4b8-d2ac-4baf-9dd6-6417d01b4bd5,2023-03-20 11:26:18,3956,4,35,right,6,260.52
22dfae77-2afd-4860-b533-241bbcab5b98,2023-05-21 08:31:45,1650,2,50,outside,3,208.42
232c2d86-1666-49b0-81c9-b36ec798fe70,2022-09-29 05:31:10,2803,5,1,story,10,394.06
d10d9312-09ef-4fe2-8cf7-e0dc5b5c7424,2023-04-24 06:37:13,2651,1,18,include,1,158.62
3842edd1-a33b-4043-92a1-bfb010c069d1,2022-09-28 01:25:07,9850,7,9,not,9,243.53
256d6efe-7f4b-4c16-985a-7d6067bc7b54,2023-09-08 07:09:24,6666,2,35,music,7,295.86
d927a0e0-b7d6-4ccd-aa74-46d07c2921e0,2023-02-22 13:30:45,9737,4,41,benefit,1,454.98
0dedd4cc-328f-41a8-b2e0-1157810f07cb,2022-09-20 02:16:10,5657,3,12,which,2,257.3
fa600bf3-a786-43fe-9a0e-127568674823,2023-05-18 03:33:24,1337,4,2,foreign,3,148.1
fa447565-a737-46a6-bac4-9bf5bd7ae15c,2022-10-03 07:57:05,4139,3,49,imagine,4,380.34
a5b9a703-2e1c-4537-81be-24cb0725b16f,2023-08-08 06:47:11,4127,4,20,fill,4,313.0
7e3d7431-eb52-4512-b562-44180cd3fad7,2022-11-23 01:12:13,2086,10,13,worry,6,132.75
364ab9a3-cd65-45a3-a823-7c8610efcf27,2023-01-08 04:27:25,9899,10,1,nearly,3,455.78
17a0b0da-ab91-4d45-b844-568b5affd739,2023-08-20 18:28:34,1958,5,50,plant,8,491.56
4617459a-451d-4906-8b4d-eb6d4cd61166,2022-12-12 23:58:17,6133,6,2,its,5,407.01
e8e016fc-218c-4aab-abc9-0c0149d7866d,2022-10-11 10:46:14,5986,8,6,writer,4,452.06
33b5dac1-88e9-460a-9042-bb57bbb863cf,2023-06-01 08:33:30,9443,10,17,task,9,161.97
8bd6a381-ec11-4afd-a5e5-02ac713cd9d3,2023-07-15 23:03:59,7192,9,11,better,2,367.62
cca57cae-da40-4829-a1f9-7e03ec3976cf,2023-02-07 04:22:32,5557,8,7,put,5,450.43
8f5f9572-226b-4c9d-a357-7b87f7e12ea2,2023-05-30 13:02:58,9056,9,6,rise,7,345.15
806090f7-360f-49b5-8088-4b0b81198c72,2023-05-10 02:14:19,4977,3,5,main,10,241.35
5416f46c-6a69-454b-b3d0-e2af64b3e75a,2022-10-07 00:14:17,9409,8,3,sound,2,59.34
60a3aa68-112e-48ff-8b6d-7a2e654ab222,2023-06-29 11:20:52,2851,10,4,property,1,222.74
21b2101f-64b8-4dc8-a727-190fc5435f4c,2023-06-02 15:11:54,5366,3,25,huge,10,309.33
36a11aa5-2678-4a9f-b1fb-96ed61e1e960,2023-05-08 06:13:09,1500,6,45,list,8,457.38
a357ff55-ca18-4744-9ad2-adf61849d095,2023-03-28 13:33:24,7870,5,9,off,6,483.64
f3c9a004-b6a9-453f-910f-bf500b7bbd48,2023-09-08 04:27:00,9988,4,20,high,8,243.73
ed27af46-f412-40aa-9844-88d7ae4117a5,2022-10-06 16:57:20,2740,4,44,see,10,434.0
5a664990-12e5-48b5-b79c-eaa85510680d,2023-07-05 11:31:38,1390,3,46,boy,7,137.64
fc03d859-7a1c-4372-a1bc-dd394a1a11bf,2023-05-17 17:09:01,8618,6,38,order,2,404.46
8c5d13c9-7b20-43bd-a9dd-1e7d28e27924,2023-08-01 21:40:46,9987,4,17,run,4,278.86
49f83687-391c-4dde-841b-a1f4676b02d5,2023-02-10 18:17:55,8033,6,12,card,6,16.88
ee06a4a4-6ecd-4f68-82d9-814da70a00fc,2023-03-10 09:17:24,5341,1,3,level,4,362.66
0e5ca218-7dbc-45c8-b3f6-329464a41ce2,2023-06-19 20:29:14,3191,4,18,feel,9,205.42
9f034c82-135c-46db-a923-4aedb2a82630,2023-05-07 06:33:22,1990,4,33,house,7,414.17
2a46cf16-5ea0-46ef-bce0-7d9b59c60080,2023-09-02 00:37:48,5150,6,28,power,1,337.4
dd108e38-786d-4cec-906e-4fcea42827c1,2023-01-14 13:32:00,1178,10,12,though,10,10.56
7a23d06f-8ae4-4407-af62-08000c44c6d8,2022-11-14 12:05:06,1054,4,2,before,10,251.85
475ab021-9e13-42e2-a43a-ee861cc02725,2023-09-12 21:15:26,9556,10,26,individual,10,435.13
ee07e6b1-5a62-49db-b806-38c8129fe83c,2023-03-30 20:49:48,2895,8,38,today,6,129.52
0b44cad2-900f-4e11-baeb-ca1d224e2690,2023-04-10 17:20:32,9102,8,37,anything,9,169.35
a4687ab8-ab9e-4eba-b391-cfd03c6148bb,2022-09-18 19:18:56,6196,5,26,place,4,436.53
16485171-643c-46bc-bf57-45c93c4f838f,2023-01-21 17:32:22,4421,8,47,full,4,103.62
ced29007-6eaa-4bad-8bed-6b7aac5ca08e,2023-07-30 13:26:20,8343,4,33,agree,1,288.08
29d3602d-9c09-4c47-998b-4f83ac57cedc,2023-08-12 07:22:53,9077,9,46,wind,1,126.92
845b4271-6358-4408-bf7b-7844bde9efbf,2022-12-16 11:31:28,1979,1,42,vote,10,484.09
2bad0804-61b6-49cc-9f64-e33a2a97f157,2022-12-30 04:54:02,2298,9,18,some,9,403.56
6d0fc6c3-e0fc-44dc-b33e-b9dcdd874594,2022-11-23 12:52:32,5028,3,10,word,8,229.51
2f89b8b3-6081-4c4c-a6be-b7666f944f02,2022-10-23 07:32:35,1777,5,24,fine,7,49.42
63398fbe-0938-4fb1-9fa4-79f3188d7804,2023-03-08 10:34:51,5679,5,11,fast,3,166.83
954c69af-4db0-463a-b06b-88060df6a801,2023-03-30 04:09:45,1971,4,32,clear,1,258.89
1503d4fb-641e-4b8a-9e4b-60f7d945ee08,2023-03-13 22:49:21,5145,7,6,ball,1,467.09
da4a24a7-323c-4a17-b767-2507a226f7c6,2023-07-17 06:47:30,8078,7,2,determine,4,63.44
246f4fa5-5c9b-4473-a0a0-4428d9172201,2023-02-23 11:26:13,3819,7,25,just,6,280.12
85d25f84-f48b-4d9b-9e22-2bcf258fa0ea,2023-05-08 06:24:39,5625,10,44,any,8,356.22
995c6f30-3f0a-4cf9-9a5b-6854c886a813,2022-09-21 17:24:36,4349,1,38,also,5,278.25
d676663a-2223-4c64-8863-4c4c05e55068,2022-11-04 01:26:01,2685,3,37,trial,3,409.09
af99a6e1-d066-4ed0-8cd0-1756d50c70bc,2023-06-02 02:12:03,7980,2,49,leg,5,274.74
8551e443-bc98-484f-909b-af2f601095b8,2023-01-12 16:17:29,9518,8,12,pressure,5,482.28
30272f9a-9e13-4675-8764-0a2778633619,2023-08-03 21:53:30,5815,9,9,within,3,305.56
8295b462-fe26-44b7-87aa-c0c6bd1eb18b,2023-03-22 03:16:47,1398,7,24,him,4,297.93
89b36013-f140-4622-98d2-4f13e8baed08,2022-10-12 10:12:20,4936,10,15,everything,2,228.04
601996f0-df86-4426-a7de-da29de36a021,2022-10-26 14:04:23,3214,5,3,he,8,302.18
88df2079-a902-45c5-bd12-b84eafa84eb3,2022-10-27 15:34:56,2407,9,14,yeah,5,198.6
3752495f-57f4-4cf3-a31f-333fbeb837d2,2023-04-01 08:13:05,7847,5,9,up,10,292.07
400fcf64-d68c-45bb-a955-63266cbe234a,2023-02-27 07:20:53,8383,10,33,learn,5,152.26
4afd4b40-40aa-4935-b55c-56acc285f64a,2023-06-23 23:34:59,9691,9,14,deal,7,102.8
3eef62fa-d076-4a25-a759-302b3fb86025,2023-09-03 12:38:40,8131,1,3,very,4,101.5
5c8b935e-31d5-4f6d-a675-915d4aa9f484,2022-09-27 08:52:37,7653,8,4,into,6,310.26
9122e896-1a58-4ce2-8492-9c5c7f20f654,2022-09-25 13:45:11,7797,8,19,push,2,331.76
ee4753cd-e099-45ef-8515-2be9a48b4a59,2023-05-01 01:11:30,9413,3,24,hospital,3,243.5
3b92b2e4-d83f-4965-b84f-5bf76f1281ab,2023-09-11 16:26:08,6178,7,47,size,10,54.01
4b353da2-7eb1-49b6-814b-bf70d0d2f123,2023-03-10 16:12:13,6586,2,42,play,4,381.23
d166b9b0-a057-4043-8d6c-f40fa39f0c1c,2023-03-08 07:33:41,6052,4,33,model,4,439.62
33dfd470-856a-471c-aedd-55dc745b976f,2023-09-08 07:05:58,4874,7,42,road,1,462.46
1eb79a16-c2cc-414c-abc0-d4b471696b1e,2023-03-12 01:55:43,8075,8,35,feel,10,422.81
03534bf0-7c10-44b3-a8c9-7053a8a51df7,2023-08-30 07:09:21,6034,2,18,into,10,450.1
bd3edd83-4d4a-4e4d-8111-11fbc8454bad,2023-07-17 23:53:37,9920,9,43,behavior,6,462.31
510a20ac-c7de-40f3-9a1a-d907b4d77321,2023-02-07 16:22:02,5689,8,3,center,5,274.89
24d0a1d7-a524-4af4-9cfe-327d6cf560cd,2022-12-29 00:29:54,2360,7,33,whom,10,201.74
de34e6ba-ae69-45e7-a4f6-3e5eddcaf150,2023-05-25 09:24:04,9927,3,28,total,9,355.59
f74edf38-67d0-4744-ad95-80b966c2ec9b,2023-03-25 01:43:04,8672,6,2,yard,9,145.06
7349f40d-b4cf-414e-a327-beb6edcacc18,2023-08-31 16:20:04,4880,6,39,happy,9,407.7
239280f2-2d2b-424d-8663-2294cbc9e8ba,2023-05-11 06:06:42,1146,8,39,myself,3,426.25
ac861453-a81a-42be-9c7a-7250ee5e7ba0,2023-07-26 02:06:51,7567,5,3,center,1,448.57
7c992dff-7d69-4eec-b5a0-df4538212846,2023-03-13 01:45:06,5611,6,8,miss,3,299.0
f80fb140-4710-4997-ba02-1fe889a3ce8d,2023-01-09 00:26:47,9200,6,27,common,9,475.38
6f9320a0-1560-4abe-85cf-1d5d20d4e8c1,2023-08-10 18:44:38,7244,8,46,system,6,294.05
40903ac4-fa04-4556-aa85-a95ec74bf5aa,2023-01-13 01:57:45,4919,10,33,moment,3,230.78
d77ebc0f-2709-4ab3-ab87-4404a1ac4571,2022-11-05 11:37:16,3843,1,29,current,4,333.52
ac4bda41-7deb-4bcf-8bd0-e758addea032,2022-10-30 15:28:11,4214,3,50,issue,10,498.17
b9e55fbf-e16b-4216-9e05-c5805b05b3fc,2023-07-21 01:59:22,2151,7,8,both,10,459.3
d748c2cd-4814-4988-b388-d0e8d56182c6,2023-01-16 16:50:27,4443,4,45,wife,6,398.73
60ff2c7a-9946-4ade-8027-0c6b736d9196,2023-06-08 13:53:16,9076,10,36,assume,1,50.36
7a74c13d-6182-4799-9fba-bd0b246384eb,2023-07-18 20:40:41,2553,2,13,house,9,310.26
2e4f7750-5f03-4f40-aa4f-6bca2b86760e,2023-03-02 10:22:27,3085,2,46,science,9,248.36
5f43ebf7-7880-4ccf-8705-13799b8f0023,2023-04-20 15:01:21,5380,6,21,center,6,318.77
e32155dd-c096-43ba-8dcf-dded4ae8d828,2022-11-19 20:22:06,4994,9,27,join,9,424.09
656c0d97-2054-4ef3-a09a-bb0bf78b11f6,2023-03-01 15:26:58,5983,3,3,worry,5,129.09
428b7549-6257-4a95-9f13-7db7ac676f93,2023-03-24 15:52:02,7654,3,41,time,1,368.43
fee218be-d94e-4527-bf2f-bb457b9204cf,2022-12-08 17:54:41,8272,10,21,television,9,67.4
db578097-400f-4ce9-9cef-6d50fc3f5661,2023-04-27 02:49:14,4209,5,19,smile,1,118.03
6cc8bd55-6a35-4660-bb83-959e8fb9c37b,2022-12-15 12:36:37,7677,2,24,film,10,399.35
a898a814-b422-4bc0-9adc-089748e8d44c,2023-08-25 17:27:11,5309,3,17,moment,4,172.94
f7bef21f-d0c1-4861-9013-460bee96bc5f,2023-08-06 20:15:51,3088,10,4,reason,7,409.8
b6db4a33-827f-4ccf-862d-9c5afa9540c3,2023-06-06 02:36:51,3156,5,5,kind,9,59.3
62467de8-30ca-452f-a39b-f33163ba8c57,2022-10-23 05:29:44,3563,7,31,financial,3,81.72
633ad95e-4f7b-498f-849e-8d81cba14c71,2023-02-23 19:57:35,8116,4,48,so,2,351.86
8edf4358-4c8c-40f9-ae79-fa58748141f9,2023-04-18 03:52:44,1047,5,20,four,8,32.16
8ff924b1-c69e-4de2-aeb1-19f9aac35506,2023-06-21 05:03:53,1639,6,40,movement,7,291.19
5a662ee9-94bd-46da-8738-7bd59da1a046,2023-07-31 00:06:41,2629,9,27,partner,2,455.91
0b62bde4-ed3e-4cad-9695-1e30c98e2783,2023-03-25 18:06:41,2527,6,24,about,5,271.76
9e0be128-bbab-496b-9196-3b2541094f68,2022-09-28 00:31:03,8194,9,1,in,9,343.49
3efded18-09b3-4c69-b276-420f814689b4,2023-06-30 05:18:12,1389,2,19,detail,6,23.08
c769ab91-e7b1-44db-9428-84ea15c379fd,2023-02-06 12:23:13,3876,4,45,whole,2,321.15
88b9670e-7813-4277-b119-cd6dfb0cec79,2023-05-20 15:03:06,1797,1,46,major,1,307.11
c34b52b8-f4d3-4e63-989f-8487cb45a500,2023-06-21 05:31:01,8471,5,12,white,5,292.22
7c98520a-6736-4c82-9107-ec70aa00df2a,2023-01-29 19:11:13,7300,2,9,bag,3,201.69
07028838-3276-4c97-bef3-8af1343e0940,2023-03-22 03:47:19,4483,6,6,physical,7,191.37
3d7a49a5-eb0e-43f5-8c52-efbaf0d4f198,2023-05-29 16:11:10,2047,3,31,woman,5,490.45
024d7660-e417-4bae-8411-446c7f8fee69,2023-02-25 01:29:41,7395,4,34,minute,10,27.83
eb1227a3-545e-4df2-90c8-87d0a54644c4,2023-04-09 01:43:06,8700,7,27,season,7,20.6
619b9157-8264-41a4-9ed0-dac93d68554b,2023-07-05 22:21:03,7806,4,20,subject,3,480.91
8a3d3f75-2107-49ad-adbd-12284f5a2991,2023-05-09 14:51:45,7353,4,2,someone,8,100.64
c69ee6ca-e491-4b77-820c-3409aeb2a646,2023-09-02 09:00:15,4835,4,15,much,4,70.71
fbba8177-5625-41a3-884b-3febd1af5589,2023-05-10 10:09:53,8998,9,42,suddenly,9,113.18
36209097-b180-4b04-8a05-2725eb23a35f,2023-01-21 05:41:56,7071,1,11,song,1,402.37
17c41358-af4d-4fab-b772-911355ea74b6,2023-03-21 23:41:57,5479,9,49,front,1,469.11
229eb251-a63c-4fd4-96aa-d6ee9a019c47,2022-11-02 00:38:23,3311,9,28,color,6,21.16
8c40a2c4-333b-40db-9659-75e506e2872b,2022-09-21 15:28:04,8975,9,13,argue,3,218.55
a881812f-ae51-4d1b-b128-a9c690d413b1,2022-12-02 20:43:51,6533,7,44,open,3,59.74
ab6a426a-23a2-46e1-a469-e924cf369936,2022-09-22 00:12:01,2817,9,35,hard,2,137.36
2baf9a50-dfcc-4ebf-85c3-dfa5807ccca1,2023-08-18 11:00:37,8052,1,30,rate,3,118.21
1c9000af-82a1-4ab6-87b3-ad51d0696285,2023-08-15 06:15:16,8961,8,42,speech,4,326.99
988d51d9-0a4e-402d-8391-ea3d3529dc6d,2023-04-27 04:33:51,7449,4,15,television,3,181.64
885ab940-b5d2-4f23-a084-169fa0785108,2022-12-16 12:48:13,3569,8,3,whole,3,98.36
ad83d9f8-6a9f-4168-aa8f-a8f6cece77a3,2023-01-04 05:52:03,4720,2,14,question,1,256.78
f24c750b-8f8d-4aa3-a657-5f72f624decf,2022-12-25 17:00:30,3340,10,40,garden,10,29.3
fb274313-572d-464f-8d0a-dc13b0f00542,2023-03-22 15:00:11,4626,8,37,against,3,59.45
44a428b6-6c11-472e-8d0d-d460b385d802,2023-04-15 16:10:39,1312,3,27,address,3,494.24
2dfbd977-161b-4b41-8805-c97e4d9f5e10,2023-06-06 08:25:10,9565,8,39,even,3,107.68
37469aac-3d0b-472b-b769-02476cdec4ae,2022-11-28 08:34:26,9245,7,19,news,4,185.69
bac29bed-2485-4a8a-bc45-62ab5a13989b,2023-06-29 06:36:41,3518,8,13,man,8,368.48
5e5a2dd0-b34f-4c13-b99c-b00533fd63ca,2023-07-29 11:20:02,3625,8,37,reflect,4,420.78
f86ac478-f6cb-4984-901e-855907dbddf8,2023-09-11 02:15:14,9914,1,10,huge,7,460.06
da15f8c7-5f02-48cf-a72f-8860cbd93b22,2022-12-04 12:04:06,7668,7,46,hard,1,93.02
70713afa-d4b5-43c0-84e1-321da4b1f421,2023-01-27 22:43:20,8235,2,4,bill,7,339.59
c3947ea6-3af3-44f9-9d4e-9a364adc8743,2023-01-25 08:56:29,3021,2,38,usually,2,483.61
db507007-8236-477f-98a0-0ec05d80d495,2023-05-02 22:49:14,6958,7,12,pass,5,38.44
6ac75304-222a-4169-abd8-c81bc2eecebe,2023-04-30 21:36:04,3926,2,40,page,8,341.34
6faead61-0d30-4d58-863d-8b736a5f442f,2022-09-17 01:20:52,1609,1,42,cold,10,424.26
7068e0a1-49ef-489d-b430-9f083acfe775,2023-05-07 22:28:43,8460,10,46,he,4,177.73
fbbae125-f59e-4ec5-930f-9ea4c4fb9af6,2023-09-09 10:00:32,8885,2,33,country,9,132.84
a93f3e3f-69d6-45f1-83a5-5437a85a1a74,2022-10-13 11:03:16,4131,3,13,point,2,302.43
d0a14d33-e7e7-485c-b69d-9f466a660ef8,2023-06-07 02:35:01,2897,7,27,land,9,226.73
073835dc-a268-4586-b5f1-d5da7449e5f9,2022-12-08 15:16:35,1596,1,47,return,2,95.66
3f1b0bd0-ba85-4dd5-96fb-f4db472e4570,2022-09-18 11:39:36,8176,6,12,economic,6,241.1
2f25b8fa-b2ba-47e8-abde-6ac73ab6cae9,2022-12-19 23:33:39,9933,4,27,federal,3,210.85
411372fc-fbc9-4e2e-b475-74472e6d62ee,2023-01-20 00:40:45,1636,2,17,practice,10,288.87
8bcc595f-4afa-4b3c-a45e-5898dbab0022,2022-09-25 06:18:58,7234,1,17,build,9,259.21
b3e76b74-e483-4823-af6b-d4cf2a98af19,2022-09-22 12:06:28,3545,5,27,walk,7,162.61
01806aba-7031-47f7-bba2-d6a97cabafcf,2023-04-13 23:02:52,2370,3,6,decide,8,185.0
0be15ced-60b1-4136-8fb3-64a390d89eae,2022-12-01 18:54:47,2365,2,3,adult,9,420.45
447a563e-d9d3-496e-9332-f54525c30379,2023-08-19 02:36:25,2580,3,20,ask,8,132.96
28bd791e-13af-4767-864f-f2529e9ff8dd,2023-01-24 16:56:46,7680,10,32,action,6,284.69
3cbde2f3-d445-4356-ab30-8399557ddad5,2023-04-21 05:20:30,4335,4,50,expert,2,16.09
1b0f09ac-3c9c-4424-93f0-b97032de0d3e,2022-12-13 10:09:28,5371,7,34,not,5,373.37
a0cdff22-e598-47de-a3c2-9d61ac5292f3,2022-12-28 08:31:04,6661,1,1,for,6,174.6
d04b5cb6-bb1d-408b-80e2-6dd889559e5c,2022-12-22 19:40:34,9575,8,39,simply,6,32.39
2b2f43cb-9e61-4332-95c7-6b4fcc5a26a8,2023-08-03 22:24:36,5100,8,43,build,6,147.63
38235653-189c-463d-b7cc-3a1e6baed3a2,2023-05-24 14:35:38,5048,2,35,whose,10,127.66
fa806b7b-29ef-4de3-af8f-a242d857a90f,2023-03-30 15:35:21,5388,9,8,top,7,477.03
4fcce265-1b97-4bf5-b172-520e7f34d16b,2022-09-25 04:09:10,3022,10,6,senior,5,182.59
0545104c-95fe-4656-b26c-0ff3032782ca,2023-02-02 10:35:51,6696,1,24,ten,4,151.06
727880e0-f95a-4992-b59d-5392ebb4d701,2023-05-24 00:56:26,7272,8,45,report,2,186.01
fbbec57c-5953-429e-865d-6fd24fc76210,2023-05-04 11:31:19,7214,9,35,claim,7,473.98
59cd623e-8277-429f-ab67-1869fd805b09,2023-08-09 16:24:23,8991,6,1,Democrat,3,320.54
a3d6d81d-39d4-47c2-b331-f85af7e75d17,2023-05-19 19:17:05,6836,9,23,share,8,314.33
2d3eaac7-406d-4ef7-9f78-7b63665538e8,2023-05-14 20:56:04,2196,9,24,record,1,360.65
04f39e82-e27f-41c2-bb4b-128e17ce67b6,2023-06-26 20:47:47,5719,7,23,operation,3,200.13
5a86831c-06d8-4560-9b60-3229dba72519,2022-12-21 10:10:02,5650,9,3,again,7,213.06
a903ed82-7605-42d4-81fe-8446dd9ecaec,2023-03-27 13:52:06,6731,4,37,hotel,4,328.91
c71de6fb-82f6-4bb3-8d4a-704aa125af27,2022-10-02 16:49:40,9369,2,18,whether,1,10.75
8f32089e-15dc-47cb-b021-f162a320f70a,2022-10-24 08:43:41,3709,7,29,provide,4,104.23
d89ed820-8f3f-4e6f-8863-f6fc5de87143,2023-08-13 13:23:18,9200,3,10,sea,7,173.86
6dfa89b0-94fd-468f-afdd-8c91059ae8f0,2022-12-31 19:05:21,4279,1,19,pick,4,127.31
cdd8a6c1-43b7-46b8-a8a5-4c908d6d170b,2023-01-09 23:14:58,6222,10,42,test,6,322.33
1b0240f5-5521-4de7-9efe-9af48190af32,2023-02-11 02:52:02,4239,10,4,media,4,195.54
decf6cc6-7e90-4410-9655-8393de8e849a,2023-05-28 03:12:52,3075,7,46,create,1,438.96
b9c19045-776a-49e1-9950-d88ce33e4afb,2023-07-08 03:29:22,5103,5,36,stay,10,288.39
684d3a35-5de9-4382-8c45-18cf2f72a1a1,2022-11-13 10:31:01,9057,3,13,be,3,213.06
99a57fa8-b2cf-4d88-adae-1dede380ce52,2023-07-22 16:15:50,6340,1,50,enter,7,207.11
ec8903f2-9e6b-4ba0-9c48-a6a50ff5a8e1,2022-10-18 14:12:45,8961,4,25,west,2,353.9
9a911d6b-8642-4827-b1e3-382dd18befaa,2022-10-31 09:32:38,2361,8,23,upon,3,214.93
4687eeea-4247-4149-b5a4-51bbd8c693af,2022-12-28 17:17:34,6559,8,23,dark,8,334.48
9b9955d2-c57c-49d7-ba50-409dc59c099e,2023-05-16 07:49:14,8890,6,41,center,6,32.92
342161e4-9f58-4027-a3f9-cac6e0a57846,2023-05-13 07:58:26,2218,7,26,write,2,228.22
081c8757-5f97-4391-82dc-3a9deb6bee3f,2023-06-27 06:14:20,5721,3,27,leave,9,137.02
31892030-99f7-4b56-9864-98793724a779,2023-05-02 17:46:39,1428,9,50,improve,9,87.27
c8671cd0-5bd8-4e4a-906c-d3ec2a5ab54e,2023-03-19 15:22:45,2045,4,26,old,3,268.51
bfb46c16-dd7b-4b6a-a552-bc9a2ef0015c,2023-03-10 16:27:36,2889,2,15,specific,5,248.76
32aee328-9761-4acb-b85a-de51015fc442,2023-07-17 04:48:56,1515,8,1,stop,8,285.09
f0fcf73d-8979-45b3-bc13-aa2f63fb0676,2023-08-28 07:45:08,3482,7,25,training,2,380.19
3a0513ce-1e78-4ad1-932d-158ea7d510e3,2022-10-24 12:09:51,4146,8,37,approach,5,443.1
d82c58b6-d0b0-4ddc-ae8f-e12957a12bf0,2022-10-14 14:48:49,2315,5,32,white,2,252.35
667ef064-a2f3-4a1d-81ed-5e5a26fc0070,2023-07-03 08:25:59,1891,2,6,effort,8,162.91
74e2c226-77c8-4585-8187-fc9f06df66b9,2023-05-12 19:48:08,3808,6,45,source,3,238.78
a6dfd37e-7ae0-4d88-a4ad-d68c66c4a355,2023-06-06 08:38:37,4498,7,5,western,6,406.43
18a0df1a-623a-4dc6-b3ad-74be013ee154,2022-10-13 20:00:57,1750,4,19,foot,2,438.76
35ff7f6e-0f86-40c6-99f7-de2312ef4488,2022-10-18 14:27:38,1750,4,4,number,3,408.08
e828157d-54cc-4e7f-87ea-c7138f95a59d,2023-09-06 12:25:17,2046,3,50,five,8,102.12
983f1c2d-78a3-4beb-bf98-67d3bd5f35ad,2023-01-28 18:51:43,8293,6,32,everybody,5,499.72
b7ae7a5c-915f-4409-a294-0159d556ed9e,2023-02-27 12:44:30,6160,7,4,great,1,320.21
d006061f-b5d3-44ee-bf22-1d6c0aaa763f,2023-07-04 16:40:57,3200,9,43,main,1,50.9
f66b6e91-a510-4aa1-8abb-baaa71553ba8,2022-12-30 17:47:05,8113,3,38,ok,9,365.52
21c2022a-1af1-440c-9b83-55f6edef3789,2023-07-27 22:05:30,6555,8,4,investment,4,493.54
94f368f6-ea86-486e-bf66-10076b0caf2a,2022-09-22 05:23:53,9736,6,17,how,9,206.89
6eb70123-6863-4e80-b480-70551010f12f,2022-12-02 00:59:36,9401,1,12,red,1,342.47
790ed182-edeb-4a6a-9a49-cfc808145d7d,2023-06-09 08:29:31,1775,6,17,trouble,7,164.93
68bcbe12-1c19-4b12-aa0a-3fef59568a11,2022-10-20 18:19:13,1211,9,25,upon,1,114.63
2842c4bc-9277-497c-8702-4e525ed6fb2d,2023-05-26 02:29:47,4902,10,25,tax,10,361.49
2a3969ec-2c13-4987-82ff-7823be109d9f,2022-10-21 13:58:44,1663,4,8,drug,3,11.16
0f291a71-0f02-4093-8782-3c435c44c9d8,2022-10-20 20:53:08,9180,9,46,ask,6,413.14
b212c138-a72f-4a2e-afd1-9b421c28faed,2022-12-13 23:57:04,4121,10,10,yes,8,268.89
ba5794fe-5592-470b-bffc-eb151d25fbc5,2022-10-08 18:22:59,4468,8,18,ball,9,57.91
2f1044a9-f6bf-4f27-945e-0cacb556ac37,2023-08-14 18:44:29,7626,2,33,air,3,68.26
eedcb7de-8f04-4432-b14a-5e06181f5bb3,2023-02-20 10:59:04,3104,4,31,radio,7,328.14
b2d8ab95-3f39-451a-8853-85b046f9bd07,2023-01-01 21:29:41,2865,6,10,spring,6,438.09
43d93158-9f63-4ca5-b078-4ea0b9ca8e3e,2023-05-03 16:23:58,5437,10,20,coach,6,147.19
a2b10b55-650e-4dbc-8058-feb9a7664435,2023-08-12 21:57:38,5695,9,42,follow,10,489.47
c60efad9-fb7a-4b80-8c9b-e0a2a7bcf616,2023-03-24 17:05:05,3635,10,27,same,10,59.09
42a55be6-0c57-486e-806c-d99c759f6a0e,2023-05-26 06:34:18,4967,6,13,understand,4,428.43
dfc2eb74-eae8-442c-b619-ce540e42d9a3,2023-05-28 05:53:52,8687,5,7,concern,10,204.38
c89983d9-827f-4dd6-b4de-7739bda7e369,2023-01-07 12:44:23,2222,8,37,role,8,49.86
a2d21368-64e3-4610-b3a4-25d88b6aa715,2023-07-13 05:13:21,5464,5,14,whatever,7,144.61
36ba16eb-d5f1-43dd-b1e0-884760c11ab9,2022-11-06 19:20:01,4360,2,17,industry,1,231.96
370d2f91-69e8-4aba-8181-51fd5e7ea9b1,2022-10-28 11:42:36,4793,3,45,nature,10,398.25
d00dca70-8c3e-4831-bb16-9cfe0119f1a9,2023-03-23 23:16:46,3698,3,33,history,10,432.07
da04af3e-31bb-492a-b9b0-d135d0fb0aec,2023-01-23 11:40:46,8650,4,15,necessary,1,75.38
44969e5e-e7a1-4195-b22b-2d1089ee430d,2022-10-15 22:04:28,9889,5,45,sit,2,265.22
fa9047e6-4e69-4a37-a754-218daaac507d,2022-11-22 21:10:39,2809,7,38,Democrat,4,328.88
6af5be38-e3c3-4a67-881a-d7caedcf1473,2022-09-25 06:18:33,5194,1,10,song,9,180.06
ffa9a5e8-839a-4963-949d-73c6ba571bf7,2023-06-12 05:34:09,5475,5,24,return,1,437.21
1a971966-ccbe-41fe-ae69-4f07fbed8479,2023-07-30 23:06:48,2703,8,20,my,9,146.42
447e00b9-c701-4279-aa0a-d95ba3e67d50,2023-07-17 19:41:31,2957,6,25,traditional,4,19.1
61666bd0-eb46-4421-ae44-149af6fc12b4,2023-03-10 04:09:52,7208,6,46,start,5,29.93
8e2a1690-1181-4c50-a976-2e9c59b59daa,2023-01-30 22:30:33,2621,8,29,thing,3,343.69
146622a2-e98c-4a43-a013-5d0ff445619b,2023-08-17 12:48:19,6655,8,21,nothing,10,283.59
acbe4f8b-5983-49ea-a00a-9492519eba90,2023-08-08 01:52:05,5905,8,4,institution,3,473.79
027ea341-c2ef-494c-9cd8-ae8ae9f5b1e9,2023-08-15 12:33:03,4691,3,45,visit,4,469.84
8b9e4e3e-3b9d-4967-acb6-99832d94fc58,2023-08-23 18:44:21,7631,4,9,possible,6,455.83
96d65533-4bff-4c1c-89af-052fc3d20baa,2023-01-09 11:24:12,5082,1,42,social,5,30.58
4bbc2f75-a4c7-45f5-80ad-8126ada32715,2023-03-23 04:40:16,2058,6,27,see,2,377.08
b0290c5f-22f0-48a5-9a44-89e82391c4be,2023-02-04 13:12:45,5627,5,35,picture,8,353.65
f7fea3df-4cc8-4c99-a3a8-f90d1b26e7b0,2023-03-20 08:19:49,5066,10,8,him,7,331.13
91671049-a36f-4d7b-b84c-19915f1771de,2023-08-21 23:50:08,8174,1,20,fire,3,359.06
3b398084-f516-4f78-b0d9-0ad1058191c8,2022-12-01 18:32:40,9204,3,49,picture,4,452.33
7b6df9b4-f18f-4ec1-9c58-2d452869fc5b,2023-09-05 13:33:25,4090,3,29,network,8,323.67
df8f9eda-950e-4d56-8413-c4dba870fb0b,2023-06-04 03:57:02,9373,3,23,floor,8,192.5
68b1a116-b423-4893-8b0e-320a53227d1f,2023-06-14 17:30:36,7300,7,39,check,5,273.59
ec2576a2-484c-45d5-ac92-5ceb234d0f20,2022-09-17 14:49:20,6554,3,45,play,10,111.84
9a24aa49-dc9c-431f-a67e-30f9c7581f30,2023-07-02 12:40:41,1091,6,5,teach,1,297.69
d1055220-ba1b-40a9-a11b-48d2b493e41b,2023-02-24 12:05:54,9551,3,10,government,10,14.36
71e24887-4e34-4830-86ec-f23adb2ed0e5,2023-02-10 01:05:00,5470,10,23,whether,1,84.0
3d738c42-96d8-4e21-88a6-72ae9c232eac,2023-07-01 16:22:09,5651,3,19,season,9,173.37
4b624e39-2948-4208-af58-9a541059ff45,2022-09-23 05:54:40,3518,4,7,line,10,396.92
f3737d4d-86a7-4ca3-8d37-6ef40333351c,2023-08-14 20:31:49,7002,8,19,later,2,362.06
fe69c960-765f-4690-b46e-b2de8d482369,2023-03-07 00:38:36,6502,6,49,kid,6,175.75
057f6822-0d2b-4669-8e83-313027054b12,2023-06-08 01:29:05,8572,2,16,attention,9,314.06
8610b8fa-9c00-431d-9185-f253efa37959,2022-11-20 16:22:27,3100,3,21,race,8,30.19
729cee92-44e0-42b9-a33b-ac147d54a08a,2023-03-07 15:22:57,5476,6,14,still,6,90.29
2f74cb80-3860-43f5-970b-d402ed978848,2022-11-11 13:07:29,8162,2,11,source,3,491.14
2aedb81a-34a8-446e-a105-98b3fd20f775,2023-07-31 21:44:36,6811,9,42,car,3,151.87
3973dd3c-3ce8-4fbd-a046-415e39105f53,2023-07-24 20:00:35,4819,9,31,kitchen,4,203.45
20e54b0b-e790-4824-a96d-a775626aa887,2023-09-14 01:29:45,1470,9,38,where,3,278.76
6ff5b9c1-502c-42d8-b46f-2c91c9cf4ffc,2023-08-15 15:20:10,1068,2,23,fear,5,153.77
ebacfcea-50ae-444c-b6e0-9f237e786cc1,2023-05-30 22:02:22,1847,7,33,agreement,8,244.25
7b64816c-7006-4d19-978b-698fc2a14c59,2023-09-12 10:11:30,7800,2,34,arm,9,127.46
8d563572-1dfe-4ebb-b518-e4feafa484e0,2023-04-14 16:09:41,2941,7,20,across,7,33.65
ceeb7115-38f9-4de7-be1b-35d93363765b,2023-02-16 17:53:21,2771,10,48,service,8,98.0
51dc04f1-811f-4351-b7c9-319071dbed59,2023-06-08 23:55:27,6856,7,2,arrive,7,266.29
abbe8ccb-e65b-4812-81ac-7b1f0473a204,2022-11-08 06:14:19,9654,1,42,check,2,44.72
bb9ca6bb-3d91-4171-8a14-0dedc6bad536,2023-08-23 00:18:26,8466,5,26,successful,6,207.55
e5d56d17-df8a-4af0-8abd-d65f7decda24,2023-04-08 19:57:18,9966,6,10,off,7,170.98
e38e821e-4d6e-4e1b-a0d9-57828bcf50bc,2023-08-08 05:04:59,2402,3,26,brother,4,213.21
10b60e14-e76d-4c2a-b264-4eff2303bad3,2023-02-17 09:43:59,6691,6,33,face,1,58.71
35bbaa0d-d217-4eff-a59c-ffe43a3b9b87,2023-05-17 21:27:08,8365,3,32,professional,7,455.24
fef3a038-b0bc-4b57-a0ca-f01a8e3cb102,2023-04-24 00:49:23,3205,7,41,action,6,242.26
02a1476b-d55d-4946-ab80-24a56f2dc828,2023-01-22 04:49:21,1765,7,14,nice,6,422.02
44c3415c-c42e-4d2e-8ef1-168b19318a70,2023-05-29 00:50:12,6459,2,37,third,7,488.35
8a25989c-7a0f-4042-8786-61814aff0928,2022-12-09 17:40:47,5311,6,3,pull,6,178.39
a8e52aa5-4044-44ba-b3b6-cc4cebc194ae,2023-06-24 12:44:19,4775,1,15,note,3,244.75
75fcc497-f056-417b-8fdd-9848fed3747f,2022-10-10 11:43:09,6244,6,27,specific,3,352.8
f12389ac-7c10-4ede-be5f-74213bf459a1,2022-09-23 20:42:33,3924,4,24,maybe,10,219.0
ce4e8041-d9b4-41e4-a94c-bfb572830c76,2023-04-27 17:02:25,3111,3,37,issue,6,157.93
e3a47688-e3f9-45ec-b528-e0227563c523,2022-11-04 14:41:40,9270,8,25,one,7,370.03
e80c853f-59a7-4ebe-b585-b94d4dc09897,2023-04-03 09:42:25,9987,5,10,thus,8,448.26
26f4e43f-2cfb-4501-858c-5416fa3657b5,2022-11-16 01:46:13,2150,1,40,knowledge,9,460.65
7c5d3032-12d4-4310-92c2-40e2c41a56d4,2023-02-15 14:32:35,7478,7,20,all,7,317.1
a55ad5ab-681d-4597-b822-769e1c411b0a,2023-05-27 11:03:20,5229,10,49,southern,5,194.03
71d65127-ed94-4488-825d-dc8114097c11,2022-10-20 09:48:06,3499,4,1,physical,3,487.53
f5888c89-ebe2-422f-8d70-f7d27866a210,2023-01-11 04:22:32,1161,1,10,wonder,7,323.05
d496addd-1f03-4edb-b54c-84612dd82673,2022-09-19 13:11:20,8549,2,20,smile,4,42.26
422836f5-645f-4f8a-8743-31c4f7075ccd,2023-06-07 10:32:24,8934,1,37,color,5,51.49
25065fbe-97a8-483a-942c-8d958545ed14,2023-09-12 01:41:15,5722,2,14,right,9,377.44
abbc7f00-d128-4183-95bf-5499b10b7f13,2023-05-28 11:42:34,6754,10,33,either,6,39.97
3b424011-5ede-42b3-a4fd-88585e367e37,2023-06-03 23:53:47,4567,1,34,daughter,1,13.85
b076953c-fcae-4f54-95ef-bda328aee648,2022-09-18 02:49:04,5907,6,33,paper,1,202.97
da51cc83-0b6f-4dd4-83f2-06d3025a3395,2023-05-29 12:53:31,7651,9,32,subject,6,264.31
fb1a792d-e324-4ad8-9b7f-1b5ab1bd8c02,2023-04-14 19:37:51,2911,4,14,know,6,229.79
b7890e95-3aae-4143-bcfe-233a981b7006,2023-04-27 15:29:04,9618,10,47,store,1,249.42
9921cd40-8d10-4f77-bd99-ddfa634dfef3,2022-10-20 15:18:55,5985,3,39,suddenly,8,296.6
b810d65c-5e29-419c-8170-366096d98a40,2022-10-18 08:58:15,9336,3,21,attorney,6,342.86
4fb48357-9138-4012-a3cb-987f20b1a71c,2023-06-29 23:12:50,5183,7,14,news,8,217.29
b685fd4c-1284-46df-8402-518cc05382e8,2022-09-15 05:40:44,4896,5,3,less,7,190.48
330da6e5-0ae1-4c82-9049-7f558aa102ca,2023-05-28 22:54:37,7624,10,42,against,5,494.34
94a99f4d-8ec7-4ced-a1ce-b85adead79ca,2022-12-02 20:33:36,9999,7,39,claim,9,137.85
ca1e5ced-0dbb-45fb-8dce-6db4dbfb070c,2023-05-07 03:36:04,5825,9,22,affect,6,390.78
092d9e0a-e1e0-4584-b3bf-db95232ed6b8,2022-12-14 04:43:33,7455,4,46,million,2,221.3
375b6674-4426-4840-a62b-628f7b7a7e03,2023-02-19 07:17:27,8209,10,7,role,7,185.67
86037021-b73b-4e00-99bf-97681fd8d233,2022-10-18 13:04:11,4225,1,42,pressure,9,41.29
4be5f364-6b24-4aa0-b974-c5e7bc14aa2f,2023-08-14 17:43:55,4623,7,7,consider,10,433.15
13b007bf-d098-4366-98fc-0dc2c5110fd7,2022-10-02 12:02:00,3779,5,2,occur,6,353.98
631d39a4-d95b-446d-8ca8-b9a917aea4df,2023-03-29 15:13:53,4497,10,5,west,10,452.48
e294ebf5-ff37-4e5a-b476-671ecad578fa,2022-10-07 04:33:47,2727,5,30,church,9,231.29
dde89ce3-0a43-44d8-8861-a79b7117ab30,2023-04-29 07:08:00,6817,10,15,manager,7,341.69
f3c1c278-4c48-4174-89a6-80aeb6f9074a,2023-04-27 22:07:43,5961,5,49,result,9,68.27
6691a18d-27b6-4b76-a634-8d2db24e4c0b,2022-11-06 14:26:34,6801,6,7,generation,9,205.0
89647cc0-9f13-465b-8539-c28ccb912dd9,2023-06-08 19:46:21,8219,6,30,remain,4,111.54
c899848b-ab29-448b-88fc-f3149191e74e,2022-11-16 00:15:22,1758,10,30,man,9,30.63
1729e2fd-563e-40a7-9b77-5cada8967ecc,2022-10-31 18:29:14,5730,8,20,public,4,474.5
6877d413-ea93-48a3-9f73-854ae0f680c0,2023-09-06 11:37:33,8105,8,4,new,4,115.79
5d97bb27-cdc0-4067-931f-634522ffe5cf,2023-05-15 03:30:43,1625,6,41,ago,8,81.71
0968cd69-157d-4a8e-aaf1-148a6a31dc64,2023-06-01 05:40:11,1404,5,10,unit,3,107.01
534b33c7-c587-4917-9d05-4f5122d2638e,2023-04-07 06:12:30,2943,5,4,assume,2,195.24
582387ca-4b3f-45bf-8252-00031a1c6a7a,2023-03-18 10:55:18,3222,4,40,majority,8,277.73
d5ca8983-c16c-4194-ac77-d36796de55c4,2023-09-06 09:09:41,1286,3,41,various,8,84.15
76e4fde7-0db8-411e-9cd9-7ca10b039ae4,2023-03-01 03:51:21,3715,6,4,campaign,6,494.46
8cbd8dd6-5270-4e33-ae20-5ced163d3608,2023-06-19 03:22:48,8545,2,50,already,4,491.66
6539a4e8-9e0d-4bd6-b56e-d4ee6c994fe3,2023-01-01 09:16:59,9245,2,20,decide,5,82.72
dbf658d6-0def-4f82-b845-c224d015b1da,2022-12-30 14:28:55,5308,10,9,onto,4,208.89
3157653e-ab4c-457c-bcf5-95cc8f51f01f,2023-09-04 08:45:13,7279,4,28,keep,8,343.17
da4a0cbf-e07d-4908-bcd3-50e1ad2b06a8,2023-05-02 15:40:20,1117,2,25,budget,3,440.05
c0993a06-b3a0-4706-894f-ac8c20c5bfa0,2023-06-05 05:08:40,5688,8,23,sea,7,252.75
3e160f6f-16cb-4089-9809-37eb1816979f,2023-01-18 00:48:45,8699,8,20,peace,6,459.35
f3e1b031-30f7-4f50-9da8-ff816fb4e0d8,2023-04-18 23:21:38,7830,7,44,around,5,168.01
5e4784bd-3b2b-40dd-8f2a-fdbe39cf52c7,2023-06-19 15:20:53,7500,7,5,admit,6,254.24
293be2ff-2ca1-4988-85e3-894653b54cf8,2023-03-29 07:53:56,4878,5,24,federal,3,254.34
8da543c5-c1b1-47b4-87bb-79c4b3978fd0,2023-03-23 18:22:52,7561,10,34,grow,4,338.33
3b7a5b68-1521-468b-933e-41c794e25398,2023-09-07 08:36:42,5804,7,14,carry,9,108.98
d623cabe-abcc-4726-a000-fbf16732e500,2022-09-24 04:47:03,5492,6,18,still,10,308.79
f0ff675b-2f1a-4f54-9c4e-baf429556ad3,2022-10-22 23:11:07,3585,9,46,let,1,117.2
fff57268-2d71-4a6a-9be4-906d0ec49903,2023-02-27 21:54:56,1227,5,46,task,10,176.71
0eaaaede-63c7-4309-b831-8ff3227f23c9,2023-01-25 07:54:21,4261,4,4,art,4,481.66
28af54bc-399c-49c9-9373-819f3687e1cc,2023-06-22 23:34:34,8473,2,35,quality,10,450.51
19eabfa9-86b3-43ca-ad67-5e88aad3ec81,2023-04-14 12:36:03,5554,1,22,cut,5,410.88
6adefcb0-9765-4645-a09e-dd9548aa5df4,2022-11-14 04:17:00,2570,9,43,already,1,27.38
2c43abed-2edb-4fd5-9e87-53803a267819,2023-05-07 01:25:00,1076,9,4,mission,6,82.7
c663ef7a-bbbd-45da-90ba-070f3d480342,2023-05-25 03:48:56,8082,4,7,seven,2,135.87
a4949728-c6bd-4c0c-9a17-cf55224497b2,2022-09-24 12:29:02,7509,9,5,raise,4,394.24
472431e4-1590-42b6-873f-6ac7e613e93c,2023-01-31 17:24:54,1620,4,22,house,7,422.74
5b3568c0-2dd5-4a83-a7a0-d0d7bbdea22c,2023-08-08 08:49:02,7741,3,18,foreign,10,295.64
947b3146-bb9c-451a-a5ca-a59ca38654cc,2023-01-12 15:06:55,3513,3,22,relationship,9,361.88
96908916-1c76-4000-9ef0-50df71ff8665,2022-11-13 21:21:06,2475,4,26,forget,4,405.46
6bab6a08-f19c-4a20-a326-c654ec540b09,2022-11-21 18:47:08,6881,4,49,under,4,42.52
c442fedf-dce0-45cd-86f2-0ebce7a95f78,2023-01-26 04:02:17,3695,6,27,wait,2,51.48
9cb0c885-08a1-4ada-8348-1508079cf96e,2023-06-02 23:11:12,1086,9,5,story,5,435.76
85edd97c-0fcd-4d6b-ac77-dd1961655483,2022-11-12 20:38:46,2167,4,13,report,8,29.31
7094058a-5ce9-413c-93ca-bf97f43c53e3,2023-06-20 08:14:04,7029,9,39,close,2,120.29
c117750e-7faa-4691-bc85-d9e9f59e7439,2023-07-11 08:04:50,5097,3,19,interesting,8,29.91
4181e8e1-cd4d-4de4-bfbc-223e3bac9e24,2023-08-08 14:55:26,9757,1,29,follow,2,17.49
3e50a26c-700e-401c-a0a7-50c0b9df4c3b,2022-12-15 04:43:51,5477,5,20,never,3,423.54
8dd0f200-3526-4754-9b88-778d788c105b,2022-09-21 11:55:10,9221,10,40,whatever,5,171.99
0f61184e-0721-40a5-8cf7-ec0d60252152,2023-06-07 01:33:26,3463,2,16,son,3,88.74
19c7161e-cb23-4dde-aea0-9901d1546163,2023-05-12 21:26:21,4582,7,26,whatever,7,82.92
740683ea-44a5-4c07-939a-21f1bf874739,2023-07-13 13:47:38,7943,6,38,morning,5,331.48
470598b2-c498-4336-b258-089197fdad86,2023-03-31 08:55:25,4706,1,26,rate,8,484.61
0aafd44d-f08a-4db9-83d3-486e1a2376b9,2023-03-04 16:58:40,4415,4,43,off,10,257.45
27e7783e-59e0-4915-9771-1eafe5fd016e,2022-10-13 23:31:41,8241,7,47,ability,7,451.53
e2a0a5c4-7e64-44b2-8580-a20220a26420,2023-03-22 14:35:04,7498,6,35,concern,4,256.19
f3dc7412-ece6-4e86-b127-6ab4715daa9f,2023-08-30 21:49:01,2125,10,36,act,9,291.2
f9c167ac-fba0-4e4d-96f5-1f939a229a3a,2023-07-10 20:05:14,3434,2,41,activity,9,342.5
b2bb31f3-3cba-4690-8b61-c177b0f9653c,2022-12-30 09:54:57,8412,8,19,stage,7,404.5
1dbd1a21-6033-4aa3-b239-5a7ac72848e3,2022-10-09 09:19:46,3092,9,10,meet,6,381.34
57ae3217-775f-4441-b0b8-8d567dad40a1,2023-01-16 00:12:16,8745,10,37,land,5,495.36
b8a35445-6a64-4101-badf-5560b2069319,2023-03-01 22:29:47,8114,10,15,view,9,376.01
1d4f313e-eb40-448e-9965-949acc011736,2023-04-07 10:29:04,2759,5,46,according,5,453.83
f821cd8c-d173-4e99-847d-460d54c7c7c6,2023-01-09 08:37:18,8819,2,20,possible,6,110.99
993a9d93-0771-48c1-a898-0d32cf40bb4f,2023-05-29 18:02:31,9587,4,14,information,8,272.35
bf04c670-84fb-4f45-940e-9020167e4bb3,2023-09-08 14:45:14,5829,5,8,what,1,303.32
bc19634b-83e6-400d-a415-f23ba823ad22,2023-08-12 22:11:46,5870,2,35,individual,3,414.59
46bde2e5-4623-4228-899e-dc456c3f44f1,2023-05-01 20:52:05,7271,2,4,win,2,246.28
cf2f5621-0f54-4d42-b769-4dc3f43b2c62,2022-12-04 04:18:00,5433,3,38,ask,6,397.61
880ac855-bb1a-4f60-ad0d-4233a53a9257,2023-05-29 18:35:09,2895,3,26,game,3,200.4
dd36f189-424a-40ee-9f5e-67efbd093a62,2023-04-18 22:10:08,5247,2,46,process,2,297.33
61b09a5f-a291-4f68-a615-b88fa2629f45,2022-12-17 09:33:50,3159,8,17,improve,1,427.15
0a6f8bee-427a-4a2a-bc5d-253f2e0f68bc,2023-02-02 21:23:30,2157,7,36,painting,1,401.05
da8aff02-5254-48cd-b4c5-e22571f8e08b,2023-08-31 06:25:14,4996,4,20,wonder,7,331.92
ead96065-7c92-44ef-9041-d201c321e6de,2023-03-14 10:10:41,7351,4,6,nothing,10,10.12
34c6f21f-5ae7-46ff-9575-3de2d8a42868,2023-01-29 18:53:33,7706,3,10,man,1,99.16
6bf20135-a6fe-48c7-b094-0ab88e3ea5d7,2022-11-11 18:09:30,7455,7,45,there,8,258.36
de61f791-3899-48a5-abf5-9830a3407459,2022-12-03 20:38:31,5239,4,32,other,10,134.69
97e8bc39-3815-4b50-9d97-b30211a9c580,2023-02-13 02:06:43,4755,3,14,fact,2,42.15
862d9c35-6123-4021-8074-ca87da08fb45,2023-03-21 15:22:25,6963,6,50,discover,8,431.34
953d9cdf-04ab-4f8a-8818-e976ca15e38f,2022-11-04 09:07:02,3129,9,49,course,8,472.04
9c1733f4-3333-47ac-81ab-3f0904fd3351,2023-03-24 05:39:29,9814,4,48,moment,4,158.37
28ffd605-d5ca-428d-bfe3-573efe0f8b41,2023-06-17 17:08:41,7811,10,49,while,6,209.96
08201220-edbe-4d87-a2a1-5e491216cc53,2022-10-08 05:14:44,2425,6,31,hundred,10,406.92
b65af898-83ac-4b8b-83fc-94bbde3a8f31,2023-04-13 14:22:04,5952,2,14,must,6,40.51
4ca74719-062b-4f49-83dc-fceba71c6a42,2023-06-25 22:21:12,5588,9,41,music,7,324.08
313cca5d-c1f4-423f-8a65-a2b5ea40619d,2023-04-05 12:44:13,3733,6,42,poor,5,72.39
242885d2-1624-4fe4-aa4e-fb407ce3c730,2023-03-15 00:42:50,2579,4,22,against,10,150.67
c98e3ce0-46af-4cf3-969f-7ea0efbea15f,2022-12-20 22:08:25,2522,8,17,born,2,416.67
76115813-7c56-4dcf-854f-4cc275125898,2022-12-15 19:20:01,3296,4,39,traditional,4,37.21
476d52e9-a60c-48c7-8c4f-a24e18a0e03a,2023-06-21 14:36:39,7379,7,32,draw,3,27.61
8ca0a545-350b-4e7e-8877-89aa38712a7d,2023-04-30 22:00:41,5965,4,17,build,10,214.75
a2799f3e-4358-4246-8290-7a5eddad855e,2023-04-28 13:24:52,5087,7,28,first,4,251.0
9b6a3336-33a9-4379-83af-4ed794c0f147,2023-05-10 05:18:09,8347,2,11,brother,6,433.03
af4bccff-6914-4177-b2cd-eed61ee8b129,2022-11-06 05:17:31,3619,2,24,clearly,10,361.42
2c787b94-6599-4e75-ba33-01363ae86aed,2022-12-30 01:14:20,3372,10,26,less,10,340.04
d5691cc5-d811-45b8-98ae-40b32d208102,2023-01-08 10:07:25,8803,8,12,open,5,84.17
35c4a685-bd7b-4a35-8e72-f5b9fccd596c,2023-07-04 06:01:36,9048,8,40,third,7,493.49
9a274674-d86a-40b3-9f2b-c20b59897839,2023-05-16 03:41:10,2124,8,24,risk,9,211.46
62dfed08-a60c-4c0f-a53d-f20d32fedb7b,2023-05-11 20:18:20,7884,9,5,involve,7,309.77
7779c1c8-ba40-445a-add6-2be4723890b3,2023-02-28 02:11:20,6207,1,1,middle,3,199.47
2030d926-fccb-4864-ac55-dc8a1c6813b0,2023-03-17 11:13:20,4839,6,1,collection,5,33.05
6ac4d881-ce70-4e94-bf65-73936a3cd1ac,2023-07-15 23:03:51,8353,7,1,part,7,240.74
02581fff-5b86-43e8-ac6b-73c0ccff8c65,2023-04-02 16:58:32,1656,4,38,ago,7,84.17
17634eba-7815-4315-b87e-2db60bb2f624,2022-11-09 03:16:05,5505,7,7,forward,1,25.91
def7c278-1cf0-4ea8-8fd7-40d66422b760,2023-06-05 01:48:07,4678,5,31,serious,8,312.53
960e7b47-92c7-4775-9fb7-a42708d2f3e4,2022-12-29 14:41:34,3073,3,4,will,4,318.68
ec205403-ece1-4849-b69c-db01c3855971,2022-09-27 22:43:21,9527,3,45,act,5,61.59
0aa1dc81-271f-472b-8bdb-eb976b016e01,2023-07-04 05:32:16,5510,2,8,herself,5,279.08
ad092c02-1504-40d7-b8ed-fb422e512f7e,2023-05-09 04:41:04,9879,5,14,read,7,179.87
8f875ff1-2a76-47f0-919a-d9f06ab8db9a,2023-06-11 20:56:58,8525,7,27,within,1,197.87
2358beb1-a275-40ff-a13b-5427ea9bed40,2022-11-02 05:39:58,4481,10,35,station,10,390.45
1d6a4c57-9a27-4f25-ac9d-f07b026b72f7,2023-04-13 03:46:39,7083,7,44,raise,3,250.26
eb5594f2-6d8e-4c59-9edb-5abefb6b5a43,2023-03-04 15:21:45,8811,7,15,network,7,441.83
e6b1cfef-ca2f-4726-958c-f4e35511f915,2023-02-19 18:06:55,6132,6,16,draw,10,308.96
553aa16f-dfe4-431b-b706-9b7070171690,2023-07-05 12:41:31,6916,9,36,yard,1,238.92
6b65d044-585e-4439-a897-4fe75fa7678b,2023-07-21 09:41:16,3782,9,32,economic,5,319.83
e523c407-5fd1-4fe8-a5c0-4f8e6f3dcbf4,2023-05-10 11:12:34,3893,9,2,security,1,175.55
e74153f0-4bbf-41eb-a939-8301155ca719,2023-07-25 10:25:00,1152,4,39,teacher,3,70.92
970aca66-9bdc-4fcd-940c-1ab23d7d9792,2023-02-03 21:52:16,1017,10,28,watch,5,344.44
cec9026e-b1b7-4957-921d-c104a0db6e2a,2022-10-07 03:01:32,5169,6,31,happen,5,314.8
1254af8a-6dcc-4015-80fc-5f5a59bfda23,2022-11-20 20:16:01,7785,9,48,second,4,396.4
5853a7d3-f6a0-4256-a203-50bd32c7d5fc,2023-04-09 22:10:50,4757,10,45,because,4,72.28
645bdf6a-7ef8-4096-ba80-26f8d820cdb2,2023-02-17 07:33:51,7239,9,37,several,2,456.77
dba485ba-0d80-4084-9c39-870432a8f38c,2022-10-27 09:04:48,3047,2,8,hot,9,401.68
2728de9c-69c1-455a-b0bd-150cb26b7aea,2023-03-09 00:23:50,8569,6,26,as,3,459.27
56522ea7-46b9-4336-a39b-30c177e69e3b,2022-12-03 11:39:45,5178,6,4,into,9,437.54
b8139cbf-5910-4cab-b5be-e5208b1a838c,2022-10-26 14:12:37,9463,4,9,relationship,8,343.69
8ba26914-360a-47fe-ac51-775af8bc9e81,2022-10-01 13:22:40,7090,8,4,international,9,407.02
0c777b3a-67c5-4c2d-9ffe-5f2f0a069c6a,2022-12-13 11:40:26,8813,2,42,maintain,6,264.31
5613ff88-6f95-468f-b481-bf934a54d611,2023-07-02 15:25:41,5383,5,39,western,1,394.89
2805796c-6575-471c-b1a7-6c4f6f6ce0d2,2022-11-21 10:45:36,2528,9,48,beyond,7,102.67
461427b4-1f19-43ed-aa44-8913dc89880d,2023-04-26 16:32:02,3143,5,14,herself,10,393.24
3e9625e1-eff5-46b4-b770-6af93c7c5cbd,2023-05-01 10:52:54,7378,9,10,human,6,227.84
06694db4-5fcc-4b38-9f50-ea8c80502d32,2023-07-07 15:12:33,1965,5,5,less,7,380.74
0b4d59e9-8481-41ed-8faa-cc1a21ae7071,2022-10-16 23:14:11,9561,5,48,network,3,233.18
ca7e7ad2-7bb5-4b0e-a321-0c5be98edd37,2023-04-17 01:39:37,6803,9,16,create,3,396.88
67061d5f-ad04-4d80-a399-f006b0ce7a6c,2023-02-13 08:17:26,5807,3,16,what,5,46.92
c207bb1a-6750-46b7-a533-412019df52d4,2023-04-07 14:39:04,8373,1,13,single,7,31.87
b1ac3c27-acc2-46ab-990d-f568c32e4c76,2022-11-09 07:52:43,6656,6,15,toward,6,467.8
be38a1f9-783b-4416-9115-2066f25b894a,2023-04-05 02:03:49,1166,4,27,morning,10,248.22
4dad5d34-902a-47e5-9120-8dff85e73d86,2022-11-02 04:51:42,3003,9,20,animal,9,451.52
e9dab761-5c0c-4df8-8fca-e7c92bf1f7f3,2023-01-04 00:31:53,2176,3,25,letter,4,472.94
cf379fd6-7f20-4435-9aa9-5d2cad38f927,2023-09-07 16:47:45,7386,9,6,mean,10,336.59
b75e7f59-0dea-4a6e-871c-7ac33d180e3d,2023-03-29 04:07:37,2165,8,36,natural,2,290.18
3f434c53-f34f-46ad-b71f-3d28dc512406,2023-05-18 00:55:46,6397,3,4,threat,3,115.83
d26618ff-d02a-40d4-8328-9af6161944d6,2023-01-16 19:50:55,8772,8,15,opportunity,5,55.8
4c3eadf7-33a3-4268-b2a9-6a5ccd44b29f,2023-07-11 04:09:38,3794,10,47,owner,2,411.5
a0c5cfc6-d7d8-4283-8629-ad9e0f72c0c4,2022-11-09 07:19:31,1684,4,45,relate,3,445.5
aa8cd805-cc2f-404d-97fc-9c570c0556e2,2022-09-15 18:49:35,3103,7,41,spring,7,391.9
4f7077ad-e74f-4f7e-b367-ab50ba935fa1,2023-06-28 14:51:57,3621,5,1,receive,10,352.27
d2ae8dcc-f620-4548-8be7-60216d1e951e,2023-07-03 17:22:29,3259,5,14,whole,7,215.85
2578a8f9-2913-48ba-97fd-afcabbc26d8e,2023-05-31 13:02:58,6186,2,12,provide,4,159.6
ccc5188c-8b3c-41d5-9218-fbcb6b01c221,2023-03-12 14:41:07,6321,10,3,see,9,65.59
821f6e1e-b777-4801-b516-2383cc62f4d5,2023-05-24 16:50:03,4277,4,19,skin,7,218.73
02da61e5-c540-47f1-8521-63c7c952ac10,2023-01-11 10:15:26,9515,7,23,message,2,287.35
03604648-229f-4ea9-b70d-81828693fb50,2023-03-12 22:18:06,7525,4,10,value,2,462.21
6690537a-8571-478f-a5be-d248ae40d593,2022-12-14 21:13:49,2420,6,37,tell,3,468.52
eee3a819-62a5-46aa-a257-20c336287cec,2023-04-22 09:06:17,7297,9,6,Republican,5,213.66
f5f7f5de-c472-4806-841e-420858abe97d,2023-05-17 05:32:02,8581,2,17,security,5,58.61
4f4c13d1-98e7-470c-9131-2a62b0a5738e,2022-10-16 08:35:27,3043,5,14,behind,2,389.17
79717bca-61b2-4726-abbc-544d9d707f1c,2023-03-02 15:14:27,9628,9,40,full,6,369.8
89e520bd-0f7e-4d47-b3d3-3d47f6d436ea,2023-08-26 00:34:44,2161,6,39,dog,8,25.04
de9b7a14-6a95-4a64-ac7c-cb3af26b9659,2023-03-29 06:54:38,5817,8,50,top,1,228.89
822213b8-2477-4c5f-aea9-621b55dd3ed8,2023-03-03 01:57:39,3377,10,20,conference,3,346.34
5545862a-3b8d-4700-870b-0c6f6975844d,2022-11-09 18:52:41,2615,5,31,decide,7,24.77
cc8e50a2-5c7e-4dc7-97a5-ba880667cb11,2023-06-20 17:25:35,4359,2,33,television,9,460.45
d91f260b-09f9-4244-8e81-0170793e5ea1,2022-10-10 01:51:54,8458,5,11,concern,6,481.5
c0978fca-41e3-4d42-b62b-6f436ee75bb0,2023-02-24 15:54:38,7073,8,17,occur,8,364.05
2b356983-c155-496c-8e11-7894bab11f93,2023-08-06 17:52:49,9921,3,8,would,9,48.48
7b5c7ab3-03b2-4e34-9813-4b620ed22a00,2022-09-27 19:05:50,7227,6,21,lose,2,44.46
51c74c3d-f48a-4027-a60f-d63dddda1149,2023-03-25 02:23:10,2768,8,41,girl,7,186.03
47704dea-c7e8-4479-ae5d-4886fbd85d2a,2023-07-09 06:26:33,4474,10,18,ten,2,24.39
9df84285-a964-4c70-b10e-ea049bb60d88,2023-01-01 05:43:24,2926,2,50,she,5,180.46
004358fb-6c5e-4ff6-ba4f-d80a21e30c9d,2023-06-01 14:31:45,6712,10,29,take,4,14.88
edb9834b-2089-43e3-a65b-25fcfc51ea41,2023-04-15 20:07:03,5110,1,31,near,4,487.42
118b2d45-21a8-4ea0-afb6-36378c1b497c,2023-01-20 15:56:44,9170,10,5,top,6,411.31
377599fc-5b46-40df-ba7f-1c59a2750d7d,2022-11-04 07:42:38,1037,8,22,one,1,44.55
a36e28af-c784-4526-a8c9-92f628b764b8,2023-03-30 02:44:07,3963,8,45,ball,6,447.78
90bbbe92-d94b-4227-b389-bd92589a9f75,2023-06-28 05:42:55,3259,3,18,cultural,4,111.91
e874aaf7-168d-4134-9921-ef81e3db7e0e,2023-08-13 00:16:51,3031,8,21,full,4,110.35
390c38aa-6a98-496b-8777-0b61744b708b,2023-07-28 13:22:29,6612,6,17,magazine,1,340.14
b7a26b13-f526-46c3-b861-eff9234f49cc,2023-05-11 23:35:17,1668,8,28,this,9,469.75
5f79e7f4-2392-43d5-966f-91995f43d384,2023-04-17 09:58:49,6686,3,31,each,6,70.36
19257060-8498-4250-ac63-38c348e65eb8,2023-01-05 03:20:01,7669,5,9,discussion,8,13.52
07b8cfa8-113a-402f-b5f2-ba959b8cecdd,2022-10-22 00:26:12,6351,3,1,hot,5,190.87
94b45aed-0159-4f5d-b1d7-e835ef955d46,2023-06-23 04:54:18,6452,5,26,pick,5,22.08
e1c44b4c-12ed-454d-a02b-93705c4e5458,2023-08-04 09:13:06,1083,3,19,edge,7,306.38
3c6e07b0-80c3-45e1-b76f-d0f788ce6093,2023-03-23 05:55:38,3383,2,43,rest,6,431.0
1a2cb6d2-2c58-4bdc-b1a7-d3f2c4c07dbd,2023-05-18 14:16:12,2306,7,15,another,7,101.63
a4a045ed-8d6a-4183-a47a-24750f964357,2023-05-07 06:35:10,7090,3,46,street,5,65.07
78726b0b-aa22-4644-be24-ef4e7ce8b036,2023-02-28 12:40:02,2520,2,31,method,10,178.78
66bd94a9-bf3e-48cb-894c-1bd3b55d5357,2023-05-28 06:15:00,4085,3,19,yard,9,479.99
9e50ebeb-212c-45e3-8f1a-ddf08e6bf4a6,2022-09-26 22:07:33,5659,10,2,day,5,73.78
f8ef126c-37c0-4a3a-a628-57b277acf5ad,2023-07-01 08:58:52,6451,2,44,industry,9,483.59
95811843-6bf1-4114-a96a-f1fed5a7d60a,2022-10-15 17:44:50,1475,8,41,step,9,187.5
f7eef78c-8ef1-4955-b63e-70392cced0e9,2023-01-13 05:22:02,6953,10,30,site,4,241.95
62ae669c-7494-4fb4-aa90-3871b305ef56,2023-02-27 16:55:08,8429,9,14,your,2,153.39
77d0657e-b9b4-4ea8-8b6c-21bd0ac09647,2023-05-09 19:00:53,5614,5,9,enjoy,4,469.19
1f50e94a-1fdc-41e9-93c7-7a32e2755ebd,2023-07-23 13:10:37,8763,5,38,until,8,479.49
fa2becae-7394-4189-89ed-f9c192737083,2023-01-19 20:59:22,6652,4,30,lay,8,321.6
7c3a0450-721a-4f8d-850c-53362ce4630d,2023-03-16 12:03:13,4846,6,15,if,7,100.18
726ec1d6-2960-4abe-9222-46a753eb9e7d,2022-11-23 17:33:48,8202,3,33,significant,2,496.55
8df83ee2-c55c-426d-b3bc-6cd0e3cdaf2e,2023-01-11 23:27:59,8054,1,4,stand,9,60.26
d998751f-b488-4aa2-b937-89f722a130c2,2023-02-13 07:59:30,6700,1,7,may,5,294.62
27f52c04-2f25-4ff8-ac2d-13917804d08a,2023-06-26 04:24:05,7632,1,17,art,3,86.64
76dc2ec6-69d6-4c68-a29b-0ced93e5ec22,2023-08-15 12:46:26,8183,4,31,morning,8,449.86
5cab7b6c-2f5c-4364-bd88-a4ef771e7238,2023-06-30 02:43:58,8097,7,29,still,2,473.38
1206e7d6-384b-437e-9564-0fbc626dd6d7,2023-05-31 06:19:17,6256,7,12,whole,2,404.15
095014cc-15de-4095-b62a-73b03eb87b9b,2022-11-24 11:51:25,4247,10,49,guy,10,164.79
fb249501-e70f-4432-84bd-6842bf097120,2023-04-28 12:44:19,8158,2,39,specific,10,128.99
b432c4f5-a39b-4859-bb48-235f8bdf6bb5,2022-12-09 17:21:54,5723,5,47,child,2,379.88
415e0998-01ba-4706-8906-7f212d81be14,2023-03-11 06:01:34,8622,6,47,set,10,152.62
3c8a07d4-9c33-4325-afd3-def7f0e6be83,2023-03-07 07:45:13,2552,6,17,head,2,215.69
0c3bfd05-415d-4f58-aefb-3d5f16a6c522,2022-12-16 14:46:15,9408,2,3,sound,8,32.67
ffa6f4c7-2e35-4d81-928d-3ea2bba0a910,2023-07-27 02:03:35,8850,3,13,area,5,74.79
9f94423b-414a-4cb0-9845-ff2cd9cc47cd,2023-03-03 20:12:43,7835,3,34,family,3,20.07
cb059c96-4adc-4b57-b8cb-6a064bf77f12,2023-01-11 05:46:01,8693,5,38,issue,9,48.18
f6fa2704-1842-4c39-96a9-98a18133bfa7,2022-11-08 03:16:33,2567,10,5,official,4,45.87
48833f32-79d4-4fe5-9caa-c4681fb1aee0,2022-12-07 11:40:05,6888,6,42,minute,9,215.91
3ca58bfd-6486-40a8-a34c-c32519283931,2022-10-06 07:52:48,8480,7,11,budget,2,279.88
c8e680b0-a76b-46d9-a69e-4996e76a46a8,2023-07-23 07:55:12,1297,5,20,effect,6,373.03
dd94f245-e519-4841-8ce6-63c0ada1336a,2022-09-23 07:09:18,3864,9,41,sure,5,79.72
78528c7b-53fc-4821-8859-e8da721d3eed,2022-10-31 15:59:55,1091,3,39,quickly,4,216.87
42f828ea-2271-4e03-bcba-ba01bf09366b,2023-01-15 08:21:22,1234,2,45,perform,8,322.11
174ac0af-6a85-400a-af67-c29e3fdf625b,2023-03-05 17:22:46,6545,2,35,car,7,51.43
5832fe87-e0a7-48c9-9b8a-1dfccf8e1b34,2022-09-16 21:52:00,6076,1,20,world,3,227.96
7e97249b-7d5e-4458-8b47-77783bbf3ff3,2023-04-27 22:43:30,1452,8,36,unit,4,190.94
e16a4ef1-01a6-441b-b9c0-8cc6cadd4feb,2023-02-25 00:03:01,1346,6,2,few,5,474.98
d4a8108c-abac-44ea-8937-dfd0dcea0653,2023-01-18 16:39:23,9231,8,33,subject,3,38.35
b6611454-d6ab-41f2-9e07-065eac221d4b,2022-11-09 20:29:54,2884,9,12,especially,6,210.23
1731a811-0d0b-4656-ae95-4b32ee2a836c,2023-01-08 13:47:51,2657,4,16,skin,2,214.44
f1d7caef-9c08-44bd-89c9-435be0e415dd,2023-04-09 18:22:12,5587,5,14,one,1,366.81
20d1ca89-eacd-447c-b263-79d6a8be0b49,2022-12-27 15:34:29,5327,4,33,face,3,167.13
64b7320e-1aea-4952-9977-c02192af67d6,2023-09-01 20:03:16,3191,3,35,serve,6,109.96
96c63798-fbce-4f27-867a-a8a477976b40,2023-01-18 21:41:48,8361,9,44,the,9,153.72
695b10ef-5cb6-4f19-bd70-24680ce3758f,2022-10-12 04:18:10,9052,3,18,moment,5,240.73
33f825c1-d28e-472d-ada9-17da05663d44,2022-11-27 21:25:58,8236,6,27,speak,1,475.63
f2ff64a2-7899-4945-8772-1546b8605cdd,2023-01-19 02:47:45,4646,1,8,social,2,400.29
0886e9a3-8798-434d-95a1-af46a3da4685,2023-03-13 13:31:06,8470,2,7,free,4,145.72
ac80c829-a7f3-463d-af3b-5eaa0c4be52f,2023-03-07 02:42:10,3453,5,7,question,5,283.51
1eaa0b62-fd5a-4146-94b7-e3e56c96837b,2023-03-15 23:31:37,1910,1,47,stock,9,347.22
0e8cc79f-1f14-4157-9628-670ff067357f,2023-05-08 17:12:41,4668,9,39,picture,3,399.87
c596a720-4340-4ff6-b6d0-b8d071930d3e,2023-07-24 07:47:06,3756,10,36,again,3,228.62
1f38bfb0-488c-43de-bb1d-c2febfd74d4a,2022-11-22 17:15:53,8913,9,47,near,1,205.4
a7dde82d-0982-4882-a4b5-b00d854fb0d6,2023-03-29 03:23:55,3180,6,29,easy,7,386.14
f8224464-3526-4068-99a3-5b89171dbdd9,2022-12-18 02:47:57,3688,8,45,toward,5,221.54
df1c784d-2d44-4846-995c-b27b91196d05,2023-04-02 21:42:54,5142,10,43,firm,10,131.5
abb43a27-cf1b-4d17-b65d-593ee745c458,2023-03-17 05:24:45,6007,2,12,yet,7,232.19
41eed6e9-31b6-4759-b730-83783c41254b,2023-01-29 19:03:06,4649,10,29,beautiful,4,469.18
fae8477b-6446-46f5-b062-6286fc2d53b0,2022-11-22 05:19:29,9198,2,27,recent,9,79.86
4e9ce559-437c-4edb-ac38-ef8e5b077aa0,2023-06-28 21:57:46,5463,2,36,shake,5,236.59
14fe078f-a861-4734-974d-28d51c38db12,2023-02-26 04:09:57,9848,9,18,these,6,322.28
4d092cd4-69fd-46cd-a04e-d42bb2cad5ae,2022-12-02 10:11:07,1298,4,32,wife,7,246.81
a1e3578d-3269-4e0b-8266-5c5e0005cb84,2023-02-14 12:43:05,9936,10,10,line,2,109.78
2783cf9a-c2ac-428b-b1ee-44ae57b384f8,2023-04-13 21:21:21,6585,10,9,fast,5,10.9
c5330e47-1dcc-455c-9975-dca1af84e469,2023-01-15 14:46:29,5106,8,15,site,3,352.51
8ab1c9b7-8b02-4061-a472-253e5321c42b,2023-02-09 21:02:35,1409,6,4,parent,2,313.18
f5f3d59e-c96c-463f-9b6a-92518c3424a5,2023-02-14 15:16:33,8934,10,35,both,10,13.81
39911c49-bc4e-459f-b916-84680eff43df,2022-09-15 17:13:58,4020,7,6,military,10,156.29
998f06b7-5bf3-4b03-baf5-ae2a51aefc2b,2023-03-26 09:44:11,1533,9,22,green,7,386.63
3f71f72d-fcb7-4e7c-9b5a-ea54aebeacf3,2023-03-16 18:20:34,5814,10,47,tough,5,318.17
9eb79ed0-08c6-49b5-8a94-3b6c9134df40,2023-03-17 09:46:14,5888,1,11,southern,8,277.15
e3acf0dc-88ef-44de-b973-6157611025f8,2023-03-13 18:55:36,9901,4,50,account,8,86.55
df85345d-c7ba-400a-b60e-c97e9d2089b0,2023-09-13 22:55:14,7662,8,7,style,4,356.08
6ac0062b-6b3e-436a-a4f0-d9be4b195924,2022-09-30 18:06:20,8765,1,4,above,3,241.0
ab752d49-20e4-448a-8232-859bdf128a4a,2023-01-19 02:41:23,2837,6,29,discussion,10,342.31
37281e25-1098-4126-a91d-b9546f8e5daf,2023-03-10 06:23:06,1135,6,44,war,7,382.44
485aa928-2b1c-4b52-a1dc-e4dbc5929bee,2023-08-18 18:30:33,1076,4,22,various,8,123.86
35bd1c1a-43cc-4090-8f92-4f8afeabf91b,2023-03-04 23:18:47,4979,1,19,leg,6,383.38
36fc1235-75ef-42f0-8507-a62456694e37,2022-12-02 20:31:17,9035,5,7,though,1,147.24
5d145f52-5869-4905-9b99-d034ee90d992,2022-11-17 19:49:52,4795,10,47,statement,1,492.17
692b56c4-127b-4080-acab-e72b533e865e,2023-08-23 00:17:10,8655,8,13,study,4,69.21
39d7076a-60a2-45e7-8259-f1d64ce9b7b7,2023-05-10 21:04:21,6559,10,48,successful,2,443.02
fe1db62b-f878-4a4f-81d3-761489cf671a,2023-03-21 11:38:17,6845,8,26,gas,2,29.87
a1ceda52-f3fe-4b97-bab7-c754ea11bbe5,2023-02-26 06:56:28,9354,2,10,couple,4,135.72
b77d71ed-ba63-48a6-9068-02dcd909278a,2022-10-28 06:36:45,8559,7,38,still,3,267.79
390f137c-e0a7-4f15-b369-b03aabb46414,2023-08-30 18:58:39,7280,8,30,world,10,294.99
a0aa100c-3667-496b-92ca-6195fec9a258,2022-10-23 21:51:14,4435,3,37,draw,5,204.16
e04594f4-7be7-4ba3-b550-a1bee60ec9cc,2023-02-09 02:36:19,1747,4,22,step,9,60.0
db1df320-bac1-4335-89f3-abedaa2c6838,2023-04-18 02:07:06,4078,5,44,national,7,133.78
09791862-097a-4b35-a0ed-cce84eb40f68,2022-12-03 09:20:11,9384,2,1,simple,7,148.86
bce5df08-3f39-4397-9ee2-9ec0b431bd3f,2022-12-15 05:06:43,9102,3,3,deep,1,380.06
1210f6db-49cc-40bf-b021-a5c5f33729ac,2022-11-16 11:24:00,5657,5,50,serve,9,455.3
4ae7d1ef-c667-4423-8514-0913e7cfc8aa,2023-03-11 08:36:46,1940,9,40,car,9,301.75
aab89019-f288-4119-9497-1be688d94022,2022-12-16 11:05:11,1871,5,23,increase,6,27.37
efa1d556-11f8-43c3-9784-8d8526cb4649,2023-05-29 07:31:31,4172,10,47,wide,6,398.2
b58d4c76-fa7a-4865-ab3d-087d844e5b48,2022-12-28 04:37:10,4043,1,27,team,7,159.75
b901ca63-876d-41a1-9581-6d5cb6b5247c,2023-02-24 13:29:50,9745,8,20,must,10,176.55
1b0e6fd2-f29f-40de-9a84-185250f9a9ad,2023-05-26 09:50:35,5844,5,15,economy,1,269.79
e1119026-b341-4015-869b-e3bee0831aa6,2022-11-04 08:22:29,7282,8,41,certain,4,132.03
271bbf08-a3c4-440c-9286-9f597a1427b3,2023-08-05 13:14:53,3742,4,47,base,2,460.79
fb34669b-8784-4350-b7f0-7a972b3b7097,2022-10-27 07:20:41,6395,7,3,become,8,90.14
362de489-b180-44a4-88cb-6b4fb3bb8e2b,2023-08-11 06:11:51,9081,9,26,stop,6,213.27
e247c312-b4dc-4ed5-a492-2911d295b607,2023-03-20 06:58:51,4731,6,31,wonder,3,151.95
82ef10fb-b0d5-440d-90b9-d8af8f88d3eb,2023-01-13 21:00:44,9108,4,12,image,4,264.72
e72eeb3a-fdea-4a0f-ae9c-5f0ac99b9c1c,2022-10-20 00:12:55,6025,5,34,natural,5,291.25
3903d7b1-98c7-41c5-9315-1b985d6f4581,2023-03-08 05:09:56,2130,1,43,process,2,317.3
b2ec7d21-5bd3-4d43-ad5a-5c61e30874f8,2023-08-10 13:57:39,8893,7,47,guy,9,270.37
94d3424c-2350-4976-9c07-0fb6b7a1539e,2023-08-23 13:29:48,4302,3,3,serve,3,211.29
1c3188ec-0a0c-4376-8846-f5084bb8e580,2023-02-16 15:49:01,4832,4,31,your,8,320.95
663a5922-9e60-4543-bcf7-ca382cfa2720,2023-01-06 00:12:28,6842,8,9,direction,9,207.67
18918950-0a29-4b90-bb03-8d2db18e02bc,2023-03-16 21:56:32,2531,10,46,smile,6,391.49
96ab4659-9fd1-4f3b-8921-d0f7ae7526e3,2023-02-18 10:24:14,1597,10,13,carry,8,396.21
e1deff02-74ce-48a1-98de-8a95ad5433f6,2023-04-15 20:50:16,7201,5,27,move,10,153.2
8320df53-e629-41de-a65e-8515e410bc66,2022-10-20 10:57:28,6206,3,16,any,6,192.18
ba09153e-f6cc-4f93-bbea-1a3a6c76bdf5,2022-10-26 13:18:33,8712,3,1,glass,7,318.12
35dba5d2-aa45-49a3-a448-855820852fe9,2023-01-26 05:58:52,8346,9,4,as,10,86.96
f98a4df4-2d5a-46f9-8bdd-f352535f976e,2022-12-17 00:18:28,6243,1,7,student,7,351.55
6df515f4-6daf-4fcd-89d4-4eb7fdbcb6fa,2023-07-10 14:27:46,3323,2,18,authority,1,196.9
94f3b358-3003-4a0f-a422-3aa86e932c8b,2023-05-16 10:07:23,4554,7,14,other,9,299.62
7ded2c69-232b-4af7-9520-fd4e8c31cb18,2023-06-07 06:34:51,7395,2,16,within,3,78.37
9286d841-1260-4b5d-aee9-000181941a26,2023-04-30 08:40:31,4531,2,26,generation,4,337.45
13c5b5b5-5efe-4652-8805-7498b3372cc5,2023-04-21 09:48:56,3054,9,23,including,5,183.49
eea67a31-030e-410e-bdfe-7a5eae2acc2b,2022-09-19 17:09:48,7226,10,8,myself,3,241.61
67820d9a-0442-45b1-9f38-e22435a2ef4c,2023-02-10 01:44:30,4749,9,12,time,10,213.4
521dbdbf-2fb0-4bf7-925e-4383273b9a2f,2023-01-15 10:26:10,4752,3,3,field,2,243.59
b0c0206c-0659-42ad-a020-caec00155d4a,2023-08-14 22:46:17,5838,6,49,air,5,350.4
8eeb5d8c-aed5-4d02-afd7-add6c9d8d688,2022-12-17 11:38:26,6515,10,45,your,7,165.94
9b859c0c-23a7-4450-865b-531a7a820f99,2023-02-13 00:26:59,2419,2,33,chair,9,329.51
17d3fcea-5f71-4185-9217-3501f24dce81,2023-01-07 20:01:54,3894,3,44,meet,9,39.51
5c1d9bb0-44f2-415d-af45-505805966a87,2023-06-17 15:42:10,8996,4,12,cold,7,157.09
c6b53f68-d9c2-48fb-93ad-9bcb499afaff,2023-07-24 09:12:17,2342,4,39,relationship,1,375.15
405705e2-a1b1-4058-8b33-a87270be4bd7,2023-02-10 05:19:40,2794,6,30,sell,8,35.68
181fc53d-e499-4b90-8eae-cc98c0f397bb,2023-03-13 08:11:57,8407,5,18,rise,6,314.36
c017bcdc-4c0c-492b-be29-fc4385b250c7,2022-11-10 22:45:30,7298,6,48,sister,1,22.52
e843c835-b704-4710-bc7f-f5ad87d8ca51,2023-07-13 03:26:04,6759,4,21,level,4,241.05
22d72ced-6152-441d-b2b2-939abb96cc96,2023-04-03 14:53:21,4420,8,6,suddenly,3,445.39
67c1a350-57cc-4b88-a253-e85fdb1d6188,2023-07-31 10:31:29,8234,5,9,there,6,14.95
405799fc-afdf-44bd-accd-896b945a7f04,2023-01-30 23:50:49,3765,7,44,cultural,2,268.15
d43119dc-cacc-4ffa-9f89-e56656db6d90,2023-01-15 10:41:15,2261,9,5,receive,7,42.56
aa8d2270-e2a0-4210-aabd-ceec0a5230f6,2022-11-16 18:47:37,2502,1,49,who,10,434.88
1834ddb8-f5cd-43f2-b382-c596f876e7ec,2023-03-31 14:54:04,5625,6,3,before,6,346.29
212b9f2d-f283-46dc-8e86-5c7197e37b0e,2023-07-05 04:01:56,3920,4,5,drive,8,373.56
f234613f-c80e-4fb4-8ed5-e59061f999ce,2023-06-12 16:53:46,7733,3,45,score,10,337.81
ffa5ebe2-ef9d-4cf2-85ef-acdd0679227e,2023-06-18 11:01:58,8102,4,27,help,1,13.15
cb17925f-b412-46e9-afae-ea7ec0352527,2023-03-06 20:35:13,1529,1,46,attorney,5,30.18
03f4dd68-f470-41a7-b10c-539a34643d79,2023-02-15 18:02:53,6366,4,48,because,8,314.23
5e12ed2b-8078-46cb-95d5-1cd44868b61e,2023-05-03 01:30:23,8220,6,9,fall,10,499.85
76794ed6-ee31-48d3-b740-9d8243a9290b,2023-04-23 16:19:46,6728,8,29,land,10,437.84
13778e0a-200a-459a-b8f1-74601bc82ab7,2023-06-21 03:55:17,8074,6,28,begin,1,352.85
164cc3a9-c9fe-4f6d-b5d2-5ad7563960f1,2023-06-03 10:23:07,7385,5,33,itself,2,366.28
5b1fa802-cbde-4622-b19e-d01f4480f136,2023-09-02 19:31:59,5896,4,7,property,4,121.08
7bc4b4f4-e188-4c2a-93f7-7f9d23ea9e51,2023-07-22 17:23:56,1263,10,17,according,1,378.29
d213fc5c-1189-40e8-9137-8e36fcfd78ef,2022-12-17 15:20:15,2248,10,44,behind,8,151.08
146d6f6b-ae99-4465-aef4-650c2bb3a6a8,2023-01-18 17:12:24,6430,2,8,upon,1,61.68
91a42de8-112c-4f96-87a9-4851339ea413,2023-01-28 15:57:35,6853,8,16,serious,1,235.84
82ca5bb5-1f84-4546-b88c-279db121bc1d,2023-06-18 12:37:06,4846,6,34,animal,1,171.8
bdc91b19-9b2e-497f-91fa-98f27451df62,2023-08-12 03:57:54,2821,9,10,culture,8,92.45
664a3f38-24e4-4e10-b38b-b7747738432f,2023-07-10 23:00:53,7260,6,18,red,8,216.64
b6988785-e9af-4078-8684-28b7a195fc8a,2023-03-01 16:06:20,4649,8,5,surface,2,449.63
2b51bb6a-0034-4c52-9575-08f682198eda,2022-10-29 19:37:17,9815,5,41,major,4,223.28
7e34c289-bbb9-44bf-b759-36c0557e415d,2023-06-04 04:51:03,8328,4,47,head,2,229.17
d91ae076-e672-4a53-a846-5a8e4bfabcb9,2023-02-17 16:25:16,3427,1,48,but,4,357.33
1c6df6e7-bab8-483d-ab58-5fc1242dbed7,2023-09-02 09:24:47,8257,9,7,around,7,266.84
e9e532b0-4f1e-4126-9267-009c94ad16fa,2022-11-07 04:53:25,6342,10,1,admit,2,73.32
b77e8449-f61f-47cb-aa6c-f813e1433e5b,2023-03-19 11:02:54,1014,8,6,focus,1,456.09
122883c1-3ab8-4db6-8877-afe7a9adac94,2023-03-05 09:39:42,4450,9,14,street,3,227.62
14deaaa3-514f-496a-a59f-69207ce79b06,2023-08-25 16:54:27,9144,8,23,per,6,396.78
47faa1f2-a5e9-4b01-8699-0b161659b675,2023-02-21 22:35:52,4366,9,30,outside,10,200.55
e7992a48-50d1-47c2-babe-5220be4a1d05,2023-06-12 15:18:36,8096,9,2,church,3,405.35
1aa51aa1-3d68-452d-889e-3c4650774542,2023-01-10 23:46:48,8068,1,24,even,7,200.87
6c16dc2a-26e2-4af0-9c40-65eaf124f090,2022-09-29 17:01:03,8675,5,12,maybe,3,117.88
54856a75-e9d2-44ab-a29c-f6959e59de87,2023-06-25 23:46:53,7676,7,1,agree,2,106.14
bb3d0a87-4a70-4093-af70-da57d9852054,2023-06-03 11:52:02,8857,5,32,opportunity,1,470.62
d3b374d8-7ea0-4e58-9594-1fa706a481b2,2022-11-06 17:17:49,9477,7,49,whether,10,297.4
1578912d-549f-4ee3-a3b2-ebbfada93d48,2023-04-13 19:00:14,2644,4,22,thing,3,34.4
fa981d69-260e-4d2c-b79b-72856cb7f62e,2022-12-10 10:05:08,6666,9,4,process,10,200.29
6f4a6b4c-28e8-4c52-a248-1a7148123c27,2023-03-24 22:11:01,4306,4,20,participant,1,124.67
5aef6d13-1fcf-4db7-803b-e97ced103295,2023-07-21 01:38:46,2417,9,21,per,7,51.48
c5f36c2b-8bb5-4622-b948-fa5231b7a3fd,2023-06-12 19:43:46,9520,1,32,Democrat,4,101.51
3a48822f-699d-4ca5-a003-29d4d8552476,2023-01-03 07:25:57,9407,9,5,population,5,37.93
2db1ad2a-b1dc-4e3d-9025-b7495784b475,2022-11-05 05:06:42,4681,4,17,dog,4,322.66
f0469dd7-df21-4aaa-9d94-1600b8ace571,2023-01-16 09:04:18,8498,3,34,pattern,2,94.95
a9970c01-0aa6-4ae2-b72e-1f709fa9b630,2023-02-16 10:45:29,7779,3,19,attorney,1,309.28
d0b71470-ddfb-48ba-9181-1aa0e0d16514,2023-08-23 23:55:07,3539,6,17,see,5,310.13
b2d124f1-3575-4290-8a8d-e821b14eb9f0,2023-02-11 21:02:50,1166,3,35,address,6,355.41
d6f8d7dd-76d5-4155-a368-c3686fbb9db8,2023-06-12 16:47:26,5050,10,7,let,1,260.94
3f485602-2022-461c-8f4a-36218c65bbb8,2023-08-28 05:46:08,9816,9,48,history,6,149.37
03916f40-3dd5-4ee9-bd44-123456926160,2023-02-08 13:01:14,3257,2,3,kitchen,2,439.95
2dd0cdea-0e21-4443-9b3d-9dd9eafe26f4,2022-09-23 14:47:40,5374,4,12,million,1,183.0
ef123855-e869-424e-957b-eff32439f784,2023-03-19 03:46:21,9056,1,15,Republican,8,234.56
1e383d28-fbce-4d81-8b29-65b28c95b946,2022-10-27 17:39:49,2961,7,17,century,6,319.62
97d36999-697b-4fb1-8141-d6df68232d97,2023-07-23 06:43:03,4270,10,7,break,2,262.9
b097c0fa-ddfd-42de-8091-6cbc417a28ff,2023-06-10 12:44:03,5200,3,39,history,5,478.67
aa23d9c5-28bd-4755-ad77-f7daa046d6c5,2023-02-01 17:52:46,3356,10,9,professional,8,477.81
d45f09fa-06ff-468c-8c72-42866f159ff4,2023-02-15 01:51:50,5896,7,5,begin,1,465.58
bdd06f08-1373-467c-8dc4-74003f6a34b2,2023-08-31 14:23:25,1631,7,37,former,6,467.7
bf034063-c11c-42e3-9395-672102f7e941,2022-10-23 17:45:16,9964,4,22,standard,5,294.67
2628d2bd-6b47-4d2c-a0ae-294cc3947685,2023-01-07 09:29:54,2262,1,49,conference,1,250.2
181e5271-33b5-45d2-90f7-5c8db53abf27,2023-04-21 11:08:30,9604,9,19,throughout,7,355.02
690ff898-9419-43f7-b0dd-88a9fa63d1d7,2023-06-06 05:16:18,3915,3,10,human,3,115.56
0b218073-b23c-4de8-9a21-1279d63251cc,2023-05-01 01:39:23,9512,3,39,student,6,140.28
d5e01c38-0eea-4b25-b6c0-59da7ac0d47a,2023-06-05 13:07:50,7091,9,40,wait,2,31.47
ff973555-1fb7-4a6b-97ba-d3cc1e5cc25a,2023-02-10 16:43:17,6152,4,48,wife,2,89.8
b880dac4-4649-4596-9b66-d17ca9e1150a,2023-08-23 10:46:19,7039,2,34,in,6,11.9
619880cc-6f34-4d58-a64c-122cb1e32e49,2023-08-10 17:49:54,7209,6,5,edge,6,330.77
4d79a106-0cc7-4797-b4fd-140962d682c1,2023-02-18 09:36:45,4977,5,31,remember,9,78.8
fcdb4a14-4845-4c3b-8378-2eb3688ba9f8,2023-07-22 17:10:15,6074,3,3,third,7,395.47
138956af-48aa-4e09-8134-b1811127502c,2023-06-27 10:41:31,4435,1,8,federal,10,343.45
fa8b6a74-aec2-42f6-8337-9494983f0e89,2022-11-27 07:54:44,4191,1,7,try,5,485.63
fd8e1e0c-744e-4b28-9df8-a9c3cb9fa2e0,2022-11-25 22:36:44,3971,1,12,any,8,204.29
cc09b7a7-6fa2-432d-bf62-27928918163b,2023-04-11 17:23:26,6428,9,37,cell,5,461.48
71a7a5f6-9322-4d99-902f-ced980697f79,2023-08-20 23:20:02,9231,2,39,impact,4,232.32
4102150e-c0fd-4f90-bb8d-24789789e15d,2023-07-03 14:08:24,7925,7,17,foreign,2,176.36
bfe8624a-3a91-4cde-bd86-d3bc13dcbafa,2023-03-07 11:57:52,3647,1,41,do,6,60.15
68ed0a4c-6973-4744-8d97-008262e7ca96,2023-07-16 22:35:30,8203,1,45,difference,8,442.59
209751f5-66dd-40a3-831b-0c2c198ea1f2,2023-07-28 15:43:09,7456,8,8,physical,9,399.45
4aec3e07-5096-4db6-a003-e9aeea980575,2023-06-25 04:36:44,8827,1,50,receive,3,168.24
e30b87be-e471-4ad2-85d3-b07f25cf69e4,2023-01-01 23:58:44,6808,6,16,suggest,10,233.31
21e1a7f2-70cf-4b50-881e-a405b560fe62,2023-06-03 18:49:06,6399,2,44,reason,8,169.32
56e8e13e-0ec7-4762-805b-e722e23896c1,2023-06-29 14:44:55,8815,9,4,available,9,24.13
e567538d-2e7f-4417-a1fb-4c7ea9575362,2022-09-23 11:48:35,5528,5,32,life,2,31.73
3a9b05a3-bb01-45c1-8279-6091225456b0,2023-04-04 10:33:46,4464,6,46,him,5,190.67
aaa30665-346b-4131-a58a-323119d25364,2023-04-13 20:20:14,6747,6,22,movie,4,112.7
f5bd8f1b-f1a6-47f3-97af-21e82bac81be,2023-01-26 19:20:40,7597,4,48,ability,10,267.01
ee887e8c-9f93-4a11-9d5e-3eadc87c329b,2022-10-26 09:28:37,3892,6,7,positive,10,102.01
395eaa0b-0037-4980-adbf-87c6b3503e73,2023-05-22 02:56:30,3617,3,3,detail,6,108.79
b82e4b05-c64a-4368-9edd-1b61f0474f9e,2023-08-21 16:59:34,6539,10,40,poor,2,339.61
eca9c77f-5238-46a3-8a5f-2ee02b0b8d46,2023-05-12 23:40:59,4540,1,27,water,2,370.45
87d1328d-44a2-498b-ad04-ef20958ea283,2022-11-28 05:12:42,1704,4,6,pick,1,162.99
07fe5569-62b7-4a1c-ba3c-28e64f96ed6c,2022-10-01 07:35:56,1387,5,26,data,6,431.4
d7acc2a3-3224-427f-9273-4a6e9f9e75c2,2023-04-05 01:18:36,5250,3,43,cultural,8,134.77
c106057e-9589-4af1-b0eb-5c426a2cc9e4,2023-07-06 11:38:39,5106,10,26,these,3,178.53
a58a86b2-84f5-4efe-807b-bd63e71462f9,2022-10-22 15:21:13,7205,4,45,however,10,359.12
23e103e7-ab58-432e-9906-3ab9235a0093,2023-01-19 14:38:26,5581,7,49,I,3,31.81
8c6dc150-28f3-4aee-896a-de06543a75ff,2023-04-07 03:58:45,5360,10,12,safe,3,467.75
d9e65798-5990-4098-b956-93d67c69afde,2023-05-03 15:15:44,3755,5,24,whatever,9,45.45
17395285-ea2c-42ed-9073-329e1589aca6,2023-03-20 22:59:57,7764,5,5,risk,2,235.86
e2997861-9e64-4f0e-b447-247e597417da,2022-09-19 11:16:16,8884,4,48,pull,8,365.06
8939dd7c-5b18-408f-a099-44bb9672a17f,2022-12-29 23:39:00,2643,9,28,floor,5,33.26
8dd2447d-cccd-451f-a42c-9f3a6e90442b,2023-06-25 06:06:52,4625,9,37,past,5,406.41
5fdfe783-7a19-4543-a529-7b43aa3fedad,2023-05-16 05:30:43,5299,8,18,this,9,489.66
6b9eb930-a76d-4375-b4af-950ae165462b,2023-05-18 07:00:20,4377,3,8,point,6,235.65
97263d96-5eff-4077-a070-64f6d5eb71cc,2022-09-26 22:40:51,4291,1,4,other,7,67.88
f9f6ba7c-8d66-4e39-83c1-492407738bc7,2023-01-08 13:56:56,2673,3,28,even,4,49.92
6f09417b-5a6e-4ebe-983f-323877d1e46a,2023-08-28 13:28:24,2532,2,38,director,5,58.38
f4a23998-82df-4b87-8efe-61f9e7e87c7a,2023-03-18 17:30:36,6801,6,33,hand,5,385.07
f99d3ff9-f579-435c-8580-e363b52cfbc9,2023-03-28 00:13:23,2158,9,25,do,10,212.87
d815204c-8470-4c43-a29f-571d26d9214e,2022-10-09 01:41:19,8270,4,48,discussion,3,460.42
5a20f572-c129-471c-ac7c-855407a85d63,2023-04-15 13:22:13,8285,8,30,follow,6,225.91
b1456b7c-4270-4bec-bcbc-0bb4c9fb0798,2023-02-25 14:31:52,7592,1,36,say,7,47.8
acbfcdb8-5a02-4059-8ce7-97bcd4c4fffc,2023-08-14 06:22:34,9110,9,25,system,5,219.2
f1d55cf5-9156-4ab9-acbc-86fc1701424b,2023-07-19 10:44:52,2357,10,38,despite,5,379.87
f47c39de-e34f-4d0d-a12e-c656d5792f35,2022-10-06 19:19:31,1907,1,16,notice,4,416.38
cc6c45c3-f723-418b-985f-fbbeba2588d1,2023-09-05 22:12:04,9613,7,42,walk,1,29.28
362a3c51-5ef9-4f92-8eb8-a52cb5ef566a,2022-11-29 23:46:55,3556,6,14,career,1,98.39
e0d6d2fd-4f21-412e-93af-0ad73526285c,2023-01-09 05:11:27,7751,10,19,century,1,250.11
739d8543-dddc-435c-a47c-36677baed613,2022-11-12 23:22:47,8388,7,39,their,10,72.76
406553f6-5e95-4129-a9cf-b4dc1ca58b3f,2023-07-17 12:33:14,2353,8,6,many,6,436.84
f3b90fa3-a913-46d7-9022-0ea476acc048,2022-11-10 19:26:37,4939,2,22,effort,10,467.89
6934fde4-36ea-4c61-bb88-40610d652dcc,2022-10-29 13:49:01,3657,8,27,popular,7,166.6
bbd8b3d0-4f0e-49f6-b328-0036bb86dca6,2023-04-21 19:16:55,7146,2,22,various,5,223.07
4d702f0e-13b8-4be9-b749-388d15e880a6,2022-10-28 12:09:20,4741,3,43,include,7,282.96
62e84eeb-a4db-4aed-916c-08d0be228e28,2022-10-03 07:15:35,8681,10,34,study,2,149.9
76e46a30-27bf-409d-896b-48c256221342,2023-08-04 07:54:40,2873,5,46,build,7,275.13
8c641408-35c8-453e-bbe0-88eec7fa7e18,2022-11-29 12:51:56,3475,3,38,direction,10,108.58
47822644-dee2-457f-ab8b-227d94248403,2023-07-07 09:42:03,1771,9,38,skin,6,155.35
f83dd301-fbaf-4b18-8491-4e1ba1073b46,2022-10-06 18:26:23,8334,1,9,create,6,226.47
a6ca4cae-c101-4435-a823-71200718cbbe,2023-07-31 04:08:11,9393,1,5,doctor,7,306.29
c6f29896-3dc4-43bd-b5b0-50414fa1a7f6,2023-01-20 00:31:03,3962,4,9,leader,6,272.72
73af6761-5c66-4097-bc0b-32de71a49ed3,2023-07-11 15:42:23,7797,2,34,newspaper,5,137.88
75413208-cb67-400e-b87b-1bc21b56727d,2023-06-17 19:25:04,1608,10,8,politics,5,123.58
2530f6ea-6ce3-42c9-bcb8-20333d9958ba,2023-07-24 23:31:06,5683,8,22,part,8,68.18
e64852c8-d803-4e74-a1eb-f3121369ce77,2022-10-01 02:16:33,8174,7,25,east,4,393.91
59eeec4a-cbb5-4111-975c-e38224d92d43,2022-09-24 19:33:00,2334,2,25,during,6,58.46
cba4a55a-c0c1-4d30-b111-4b8829b6e07e,2023-05-08 10:04:18,4717,6,27,one,4,369.11
6f479ff6-4a8d-42b7-98c1-8166daf5fd0e,2023-05-10 05:07:14,8008,7,42,share,10,131.9
d47c82a8-fb12-4ab3-b31e-d745acffdd2b,2023-05-28 01:31:56,7019,5,6,benefit,3,149.43
58a52bf4-d7a7-455b-bdcb-cc24c540e4a2,2022-11-13 17:00:10,4745,8,27,nothing,10,370.68
18501cb8-0bb6-463e-9bf1-ff8d125d135f,2023-05-20 07:34:06,1368,10,9,player,5,333.21
4d89c5ee-125b-4300-bb0c-399ba2e57138,2023-06-07 17:12:14,6028,8,37,million,9,373.54
8c7cb979-9820-4d6d-84fc-2b22fa06ffc7,2022-10-09 15:30:41,9786,9,17,responsibility,7,262.49
a7f42904-3426-4115-83d2-76e9224bfe0f,2022-09-30 23:58:55,5750,10,49,value,3,430.96
756facd0-dab8-45c2-a8e0-7245c25a201d,2023-04-23 08:46:23,8899,8,36,involve,7,69.68
4af25727-c4db-4c78-965d-56b26f32dc7e,2022-12-20 16:44:42,6867,3,5,star,5,326.15
80951689-e8d1-4dc5-a985-fb8260f73fba,2022-12-17 18:45:04,2474,9,23,lay,7,67.94
b0744bb0-0520-4b3a-a4fe-e7560cc63795,2022-09-17 20:43:21,1198,7,38,attorney,9,371.27
ca801ee0-c801-4cee-8d12-c86b8aa68b2c,2022-10-27 13:23:07,8590,2,24,hospital,5,185.86
a1f6bd98-ce14-4ae6-99d7-8650b0ce5dbe,2023-02-20 23:24:37,5702,8,37,full,2,340.69
383ff16e-76af-44fa-8324-1c323bb1f3ca,2023-05-13 03:48:34,3505,2,11,recent,8,354.71
1735ee61-12de-48fc-9c5e-c3bd838d8e5d,2022-12-14 09:56:07,1886,4,34,rather,5,333.7
e288a737-a6eb-4611-858d-c71d070c0a78,2022-10-16 06:16:38,7873,6,45,bad,1,118.56
8a2bbce0-c4fc-4e0d-bbdf-5332f447471f,2023-06-01 08:33:10,8774,4,34,doctor,10,417.58
9a8cf5df-ab0b-45b2-9e8d-832014644a6b,2023-02-13 21:02:33,5245,3,4,receive,10,127.67
5ed2007a-552c-4e24-a868-3a0cb96e3297,2023-05-13 04:50:04,8060,1,25,north,8,263.9
02bdbc21-4f6f-4e93-a80b-9db0438b98d4,2023-03-21 12:52:03,8656,7,31,large,7,340.58
f314d814-2c7c-42af-bffc-f19a80c4d562,2023-03-16 07:37:15,2442,4,13,law,8,124.47
7cadebc8-f517-4d1a-b9f9-d15042b2cb8e,2022-10-31 10:42:36,5295,5,28,either,3,317.97
a3d7ee5a-4f86-4901-bf75-61530f4ab5e7,2023-01-16 03:47:56,9223,5,13,end,5,150.55
fb6386f4-d285-44fa-95cc-2db06c201c0b,2023-06-12 00:38:33,2892,2,27,measure,3,93.98
a787ef54-c7d6-4231-bc2a-9449f93dc09d,2023-05-22 23:39:12,9547,10,25,grow,7,406.78
79aa2534-b363-4e20-bcff-69d219f6e8c9,2022-12-21 18:20:00,6226,5,34,character,3,281.03
37760c99-b983-4fdd-a969-dcf7c334a617,2022-09-23 07:18:07,5672,7,18,response,9,170.66
7bc0add1-20b8-4c4e-8732-2245b5abd9a2,2022-12-03 02:57:03,1296,10,14,chair,9,296.86
9770dc55-1e5f-4ec3-83cc-6dfe1c7e987d,2022-10-17 08:58:39,9782,7,44,radio,2,22.39
ce9fc2b6-e41e-43e7-8fb8-2f1b7b07cb5c,2022-10-21 16:59:22,4685,4,1,nothing,2,73.61
5e32a93a-5d6b-47c5-8742-7bd72f3e1c54,2022-10-26 00:24:39,6517,10,4,security,5,203.83
3f350253-a430-463e-a8c4-9fe00e3b8c64,2022-11-30 10:14:21,2628,2,3,fight,9,488.12
5cf3385a-c5d0-4980-8f4d-cac7bd19db8c,2022-10-22 04:34:27,7739,8,50,stay,2,260.13
ae6102d5-fcc0-411c-959d-75da9f7d28e7,2022-11-21 23:36:28,3173,5,12,country,9,47.46
1a1fe973-a671-468f-a103-4f271604489e,2022-09-28 07:26:49,1150,8,15,control,4,384.87
cc693e22-6ebb-4b13-a3a5-d222088e446b,2023-02-22 08:41:12,8767,4,15,indicate,1,392.91
caf5ba1b-2b8c-41c5-8aa0-fea6ae3012a5,2023-02-09 16:25:50,1220,2,33,far,8,389.65
448add0e-090f-4fc7-a2da-8970ccc72d64,2023-04-25 18:17:07,8364,1,14,soldier,1,289.05
bc760711-ab25-41d4-8948-0f3db7b0d3e6,2023-03-30 06:51:49,9289,2,32,know,6,350.89
acddeb30-b554-4354-a921-05ecb7ca80a8,2023-08-29 18:08:30,9387,6,9,production,2,114.59
4bcb355f-7c4c-49fd-b855-0ee3d8c9df7f,2023-02-26 13:17:27,5317,6,32,central,2,368.95
fb9f0ce5-1f7c-4b58-8d2f-dcd4316b8912,2023-01-10 09:16:36,4620,6,12,several,10,409.93
d1da513b-9906-4a8b-a35e-c162beb4228a,2023-01-03 13:42:49,8348,8,26,customer,5,382.38
395b01bf-395a-4243-b7df-41744abf9722,2022-12-25 12:28:35,6084,5,35,bank,1,183.2
90abd6d1-9d43-46a6-b72a-9699daca7d75,2023-04-08 20:24:47,4899,2,49,situation,4,299.6
ec895dc1-8d5f-41e9-ada5-86db89f45e4b,2022-10-05 13:30:05,7184,8,13,sense,6,318.2
45b2a3d7-d4ad-4890-885c-48e13a2895f5,2023-05-23 22:43:18,5587,10,37,other,5,451.4
82f97ff0-d7a3-4c15-9830-657505949be9,2023-02-12 18:53:04,5773,3,30,check,6,62.93
7b74f107-2624-4dcf-b161-b81b233ca020,2023-03-29 22:41:15,3730,3,19,property,5,418.63
f2511b96-99cd-40b0-ade5-56604efc79eb,2023-01-27 16:16:39,2039,5,13,later,6,267.95
2aea961e-0eff-4c3c-81b2-77c4314e3053,2022-09-16 12:06:01,1418,2,10,record,4,185.72
b50a3a84-73a5-4df3-9c6c-6dc1dd45ed4b,2023-05-04 06:21:36,9783,7,32,wind,9,233.25
e1e8301c-d9e9-48de-b082-a288e937331f,2023-06-10 02:38:51,6002,6,10,community,2,16.19
608ce0da-8779-4a04-88bc-ec834a748d78,2023-04-18 21:39:04,5383,9,9,with,5,117.84
af158ed2-5e52-40e5-8b90-849f6bfbae68,2023-08-25 05:41:09,8347,9,47,top,10,329.85
b2dee89e-3148-4e17-b3ba-526ba83bfaa5,2023-02-25 07:08:18,8061,4,9,action,7,333.82
3b53a245-80f8-40c4-a3c2-97e0406f0cb8,2022-12-12 15:26:43,2107,3,26,someone,8,252.4
707baf36-b3d4-4cb1-bed7-ddb00313ada4,2023-07-18 13:51:57,4834,9,32,special,5,477.13
4bfc62d7-45c9-439a-b797-c8091f56a6df,2023-06-15 22:43:13,3519,2,5,themselves,3,245.65
eac548f1-fdbb-41db-bd72-8d4e4a82488d,2023-04-02 20:42:09,2948,3,44,imagine,9,163.83
77589a19-b562-46c0-8813-eb80ab5a0284,2023-05-15 11:41:10,7004,8,30,pattern,5,425.41
420de7b7-c017-4dbe-8ed7-ce43be69c2c1,2023-01-09 01:29:21,3369,3,31,mind,7,136.99
a14333d3-ec5d-4a65-91a6-28157f3b6220,2023-02-09 09:16:35,6930,7,35,picture,10,306.11
d37183f8-8e35-43e4-993a-59f74457e2e8,2023-02-27 09:02:13,5243,1,17,industry,6,354.68
628e969e-57c1-4c98-9f1f-04ff1989dee4,2023-06-11 16:25:45,4902,7,37,evidence,6,412.63
b00142df-d43d-4dfd-897e-5f5049bfd3e7,2023-08-21 19:57:39,3961,7,45,rise,9,394.83
718962f6-7ea9-4c61-ab60-b3bbda6ab4e7,2023-01-26 15:53:50,8845,9,38,much,1,198.21
80f26f3f-6fe5-4005-9771-2f9774f20541,2023-03-20 16:25:39,2128,3,16,order,1,39.0
887cfdf6-549d-4344-b9b7-2c1e8e8b4ed6,2023-04-07 00:17:03,1501,1,41,camera,4,28.76
fd4859aa-1897-4d4a-9134-c50370201e3d,2023-06-24 13:41:36,3047,4,10,ball,8,365.97
5823b3c5-e792-4880-b5b5-d56fe19f45c1,2023-03-25 09:56:18,7994,9,35,modern,2,481.23
cae704a8-9634-49c4-a75e-b836f95d2ae3,2022-11-07 15:17:26,1778,1,17,source,2,178.15
18f37d87-0447-4312-a33f-43142ba0f96f,2022-12-13 22:01:39,7778,9,8,type,3,226.19
dcf91a4b-62a1-42c9-a254-ca42b1af3033,2023-08-03 00:36:30,4603,7,29,bar,3,365.64
c84bcd97-34e9-4291-a1a5-e9420a87a97c,2022-10-19 14:35:59,8818,2,22,record,4,332.34
8e6f9331-a4ec-44b5-be2f-e63685a49a60,2023-08-04 16:03:45,8213,7,14,commercial,6,137.45
01db9f9d-ee14-41f2-a6b4-469a4c78f515,2023-04-07 17:19:42,8277,1,2,decade,7,339.08
ae820e53-fe56-4699-b862-a83e670a6521,2023-08-08 13:37:10,4921,10,28,body,8,159.4
70e743b6-a9d3-4b85-9660-4f0d2ffad2fb,2022-11-08 02:22:38,3006,4,11,those,9,184.62
cb610c99-8be5-4d03-8ec6-97c388379eec,2023-05-20 13:11:41,2888,4,20,necessary,10,274.36
f41f0f4b-4230-4c8c-a7d8-31dba1086bfa,2023-03-10 07:32:32,7110,1,36,customer,1,368.83
25d18010-6ecf-4fda-992c-e9e620bc8f75,2022-11-25 00:05:03,2135,1,29,into,7,84.1
b78b0e1e-03dd-4166-a7fc-5367924ea4a2,2023-06-02 05:31:37,1626,5,7,when,8,20.77
80c80bf9-550d-4bbd-b7f9-9183cf6bb601,2023-03-20 13:11:48,3627,6,20,forward,4,317.64
67cf7fe4-eb11-4cc0-a43d-85391039fdd9,2023-01-21 15:04:38,8749,9,39,price,4,22.04
3e2433ec-80b0-42d5-a0a6-c3ba90d237f2,2023-06-27 21:37:19,1989,1,2,sign,6,32.03
a4386950-9da4-4b4b-b413-6f6a1e42b819,2023-02-28 02:03:04,9328,4,4,apply,6,120.63
51cff209-7bec-4ed4-b174-f1d05b04fd2d,2022-11-27 18:52:57,8238,9,21,rather,9,330.4
b1bf681c-b192-418c-8a78-ff9e49d78856,2023-08-01 04:54:25,5165,9,25,floor,2,42.61
40e57176-0d7a-42d7-9895-ac4a5d096441,2022-10-10 14:11:34,2302,2,4,billion,10,40.58
0af9e5ec-9183-45eb-96a6-01e32ce8b9db,2022-12-07 12:13:13,8056,4,34,during,1,486.33
71b2ecf0-ec9f-4402-b9ae-d4a26e2a3920,2023-08-12 08:51:50,9421,1,48,paper,6,217.1
67e208e0-cc75-4990-b844-4815bb14deed,2023-01-23 05:10:28,3963,2,20,head,5,447.29
74176686-88fb-421f-9d78-37afb67d8b1b,2023-03-20 07:20:01,8148,7,11,network,2,116.1
95341fc5-486c-4958-92ab-0208150142c2,2023-08-23 14:46:53,6552,10,21,particular,8,223.25
82361d12-8ee1-46de-8b05-7af43fbff112,2023-07-03 17:46:45,8336,6,27,theory,5,185.44
abf1081d-7c98-4bf4-bee4-1142925f8c3a,2023-03-16 18:19:30,9092,10,6,nothing,10,96.7
1be3a0cd-a645-4966-8e79-c53718398433,2022-12-22 18:34:22,8300,7,31,boy,2,171.12
8f9e3a39-6646-49f7-ac24-f004a7453d16,2023-05-18 05:47:51,6667,7,32,indicate,10,493.53
4074f475-9863-49bb-8310-fa081f42dc96,2023-03-01 18:33:12,6227,10,28,former,3,376.18
2720d3bc-7149-4164-8e87-9299eb7f3780,2023-08-24 10:18:05,6125,2,15,now,6,197.51
4726af38-ee86-4dfe-b68c-8578df512599,2022-12-29 20:46:43,6109,8,29,president,6,210.55
7bce4f6c-5b01-45a8-a57b-6a46f721639f,2023-03-23 08:42:19,6056,6,22,vote,8,139.23
8d3ee0b5-3b06-40de-ba13-8758ba54b805,2022-10-22 09:57:48,6381,7,3,trade,8,270.35
f6a46fea-b903-4a36-9363-8e39da77e0dc,2023-02-11 14:55:00,8889,10,32,conference,4,370.46
10fc9847-da86-44e3-8ab2-e0f77a98f3b0,2022-12-10 18:42:34,6497,5,14,stage,1,346.46
85f53481-9b50-4885-92f3-91bab446c054,2023-08-10 04:38:04,2953,7,6,could,8,236.7
47a51fb2-e90b-45c8-ae48-63e485e1d25b,2023-08-28 09:08:35,9747,9,35,wind,2,30.55
dfc8990d-ca62-46ee-950f-da06f9d20d62,2023-01-25 23:45:11,4315,1,16,son,6,461.54
a4299188-b2fc-46ca-ba1b-048d222891ea,2023-04-29 05:56:49,1539,7,29,surface,10,210.38
cc1ee923-de1d-4073-bc07-11bb7e6b2d94,2022-12-30 06:12:22,2580,5,38,many,5,201.25
f455b809-7921-426e-a7bd-5499600b98a4,2023-08-18 18:18:16,3643,8,16,ability,2,11.52
a18af804-55f0-446d-aef7-cf42111a1872,2023-09-11 07:15:26,8015,9,1,return,9,77.73
f50d4cc2-ac16-48bc-ae8d-ee8565f954ac,2023-04-24 00:55:35,9905,8,6,son,7,435.74
0b1e9d97-b641-4d25-be7e-766b65019a80,2023-06-10 09:30:45,9434,7,46,international,2,261.83
17f5b80a-dcc6-4533-8ad8-753ddf673375,2023-08-15 14:42:27,3609,7,1,wait,2,368.89
4ab70e07-0ea1-4cca-a789-6fa00ed878ba,2023-09-11 13:05:16,9440,2,32,turn,5,82.6
477f8e13-981b-4549-8e07-bc31890c5dd7,2023-07-18 11:46:22,1555,1,24,get,9,171.72
68da5bc1-d83f-4fc4-81ee-0f879a525d66,2023-02-18 17:46:46,8658,10,28,again,2,421.67
fb5f9a9c-42ff-4345-a048-4595297909f3,2023-05-23 03:01:55,4769,6,5,financial,4,412.12
a018a112-9106-49df-b1b6-478bc3883e64,2023-04-03 08:35:57,4553,9,26,network,2,130.93
ad15a60b-1652-4bb3-8282-ccd5ced72360,2022-11-13 09:41:34,4177,7,17,plan,10,20.77
a9d385d1-f328-4243-b32b-218cd6a16859,2023-08-19 12:39:39,4223,3,5,open,6,405.17
f72a2550-9a7b-4eae-a396-4010947628fd,2022-12-06 19:06:50,5776,1,50,enough,6,92.73
0a42fc1e-78a9-4bae-8257-1c34ec09f5e5,2023-06-16 21:20:06,7214,3,29,fill,10,395.96
ce8f284e-db93-4988-8509-46fc8688dc80,2023-07-01 11:40:59,5264,3,24,nature,10,344.99
806a0a22-0f72-4ff3-a419-75be4e459625,2023-06-20 03:18:34,1271,10,26,movie,3,92.47
76a2f72d-8925-4f61-be3c-3b2b777a57a8,2023-01-10 20:55:02,9629,1,1,oil,9,48.46
d314b208-6244-452d-870f-aa52023d7363,2023-06-15 05:42:33,9069,2,28,executive,10,464.55
41adbaf8-9e2e-48b3-8803-c826749ef81e,2023-04-08 16:58:15,9094,3,12,turn,9,302.96
5576ef9f-a604-4b25-b02a-34c6e11b8b90,2023-01-04 08:25:15,8486,8,34,get,7,314.05
2e3772bb-98e9-4786-a2e5-be803ff63cac,2022-11-21 12:11:01,2512,7,9,suddenly,9,234.18
d4ffc6c9-6d3e-4995-a0cb-da8cdbbfd341,2022-11-06 23:50:46,5541,3,47,man,3,83.53
ab59ebe6-a2b1-4116-9808-7f14d7ea603a,2023-01-09 08:04:42,5622,8,41,ago,7,304.97
2c72c20e-6a46-4ffe-9b6b-6612afa2257c,2023-07-09 09:59:33,6502,5,32,relate,9,133.71
1e0b8572-fa09-418d-a897-ddf6514a4fb2,2023-02-13 08:46:30,5284,4,30,what,9,404.89
06e5eb96-95ef-4407-a04d-286bb3c5f2d6,2023-09-08 22:16:00,3782,7,3,fast,3,369.03
8efe9a79-7b98-4124-a8f1-d479c3ad80fd,2023-06-11 09:43:05,8209,7,36,thank,6,23.36
efbbb905-e943-4ba2-9520-236b2a0b5512,2023-01-21 00:05:37,2478,9,6,shoulder,2,466.89
a5447dde-c917-4815-92b4-8ae92834ffa8,2023-04-06 14:37:07,4374,1,24,kid,10,27.79
7d4c442f-6c42-4f63-8996-769bc7a99d44,2022-12-22 02:46:37,8720,10,47,approach,2,53.91
80bd81f2-eaf4-4570-9a46-64e1fce88a7b,2023-08-04 08:58:37,1008,6,28,wind,5,153.44
70965175-87b3-46b7-8251-47bbb8f063fc,2022-10-06 00:35:51,9062,9,20,mind,10,83.9
3022edce-7cf9-48f8-b04e-0b976d6be9a1,2023-07-19 21:28:30,3543,7,20,successful,8,125.71
25f7b4e1-7be3-491b-9591-e8beb1d0dcb5,2023-04-12 01:18:20,6628,2,11,because,8,184.35
119ad84a-3251-4d7a-8bce-358bb01cc15c,2023-03-06 08:05:12,3222,3,46,create,10,370.39
9a5e3216-2200-423d-8b36-50bd362800be,2023-05-12 02:10:03,1936,2,12,difficult,4,208.31
42f0ce2b-cde3-4ab6-9ab6-0a5ebfe60d46,2022-11-04 22:09:40,7077,4,36,hard,8,142.22
b87d4cb4-bfc9-4564-ab0c-534bf7e9f5ae,2022-11-03 10:16:05,4111,3,34,contain,4,251.23
eb49ea4d-98ea-42e2-8c82-f364e5e0e496,2022-09-23 05:46:59,9449,1,32,energy,7,202.37
fe625920-8c9e-48ef-8056-728883a5979c,2022-12-30 22:01:22,8483,1,16,play,10,162.27
121f5c37-326c-4cf2-94e9-550f1c0e0b39,2023-05-27 12:02:02,9463,3,48,white,4,451.27
69f935f0-9407-459d-8c0e-097e8fc77602,2023-03-03 01:40:01,8319,10,39,table,5,279.72
4167f770-5f00-4482-9a0f-ded74bc785b9,2022-11-20 06:45:27,4404,6,47,first,2,488.89
bf25f432-3dbe-4475-a86e-f99517c5cc29,2022-09-29 15:49:52,6719,8,2,a,3,388.73
d72ad197-c2b7-4dad-99c3-cb2eb6e71c9e,2022-11-05 19:16:51,2751,9,22,require,9,289.54
36bfe167-d413-4e12-a23c-fd7540c52606,2023-07-02 21:46:05,3235,1,12,economy,6,138.6
36db6eb5-e113-48d5-b5d0-e17638a8caa0,2023-08-31 09:39:16,8923,2,14,follow,5,346.55
719f0c67-a5fc-48d5-bb71-a9850c7c236a,2023-06-20 09:08:30,6983,9,50,remember,9,233.4
dfd853e7-1355-4945-be16-5a1c69b8e745,2023-01-03 07:23:11,4560,5,32,out,10,363.48
08695486-26ef-4361-a2a4-172bcb9a5a5f,2023-06-22 19:26:44,1495,4,43,avoid,2,207.85
f4e05625-bce7-47e7-a791-0dd333700946,2023-03-02 22:57:10,8355,4,27,thought,2,253.04
91beb92e-fb4c-4e50-836c-e1bf7c3d731d,2022-12-01 07:05:20,3249,7,41,large,7,20.14
6e0e0eaf-bc2e-49bc-abb6-da2ee6d3e301,2023-02-17 22:23:51,9821,1,1,order,6,372.58
9b413b37-2497-4a26-958e-161027a2c0b5,2023-04-27 15:01:41,2294,10,40,fund,3,26.79
20ba7f18-b78e-4e40-b58a-ae910516128a,2023-02-04 07:58:38,6661,10,14,standard,10,343.56
a609a524-c425-4199-ac93-60d6f37fcbc8,2022-11-30 08:59:47,6992,4,42,brother,8,295.18
072eb548-6c20-4cb9-8890-1b4d3403d7a5,2023-05-22 06:11:23,5091,9,36,air,2,390.2
2deea4cd-86aa-4f6e-a812-5825559865c7,2023-05-19 00:49:37,7121,10,45,our,1,151.99
1f6087c6-7bde-46ad-aeb6-f51bf0dab426,2023-09-12 02:23:06,6733,4,11,size,4,346.19
5f79ade4-f3b2-483e-93fb-dfe09b5216c2,2023-08-28 13:27:53,8715,7,14,draw,5,111.48
b6958353-6e0c-4235-9b77-27add29ff0d8,2022-11-17 16:25:56,3249,10,24,lead,9,269.34
875478a6-87d5-4712-b8bf-3d214b29b9b0,2023-07-23 12:52:10,5806,4,7,approach,7,176.74
40eb287a-7448-4875-b876-4a2c87a29335,2023-05-26 07:01:51,1063,4,33,line,8,489.44
4d4ee9a7-c1bc-43c0-abff-da79bca8f644,2023-03-17 20:12:48,1687,1,25,issue,1,486.21
530c15a8-c6f5-4e53-a93c-64cfb9f7fa15,2023-04-26 19:59:12,2256,5,5,hot,10,112.4
45567381-9ae7-4975-8bed-c1704e745ebf,2022-12-17 02:47:57,7686,1,18,tend,10,287.36
9192c858-24aa-48b2-9e1e-9f5dbbc690f5,2023-05-05 22:04:43,8645,2,40,support,2,171.43
06401468-fbe9-44ac-b533-255eeed271f0,2023-04-09 21:53:45,3465,4,23,debate,4,484.58
8897ed4b-e76b-4b4a-9ef9-a8015a87789e,2023-05-26 17:58:51,5423,1,29,itself,6,463.02
dc967d30-3faf-46b9-85f2-d62cddc7d2ac,2023-04-03 11:48:59,8470,2,13,feeling,5,297.21
3209d0ce-9684-408c-b336-d7b9b3abb143,2022-10-20 19:47:13,4355,10,26,enough,6,362.84
593321e8-24d5-4653-b5fc-7e550b2cf123,2023-07-03 05:50:52,1739,7,20,network,1,343.85
5d53b5b7-1046-4f0d-82da-f0dba1fe50de,2022-12-13 23:24:07,3570,6,26,check,3,183.14
80a93994-a07f-4ed2-ac0f-f29d07e3232a,2023-01-09 22:20:08,1552,7,36,statement,9,459.02
495f4c9b-8db3-452e-a068-96346c413d87,2023-06-10 06:50:33,2744,10,44,half,5,450.73
cead9fd2-7014-48c1-9c53-c5398af709d9,2023-04-03 22:36:24,1201,9,4,affect,9,172.02
91c9914c-a0f6-4dd0-a354-2b0d9512a055,2023-05-13 01:18:23,8212,7,36,coach,3,376.22
6091b08a-16cc-458e-8177-917dd8641c64,2023-03-29 14:22:44,2100,4,39,myself,7,14.46
fb7557b5-f91b-4d29-875b-2835aabb8428,2023-05-24 10:11:43,6392,3,40,carry,10,410.02
9dc325a4-a4bf-4a70-a0e6-5d33f75289d8,2023-05-29 01:46:05,8428,3,41,north,5,286.79
a0ca62ce-ef2a-49b6-9f68-423abe978e61,2023-01-22 22:55:21,7105,3,26,son,1,476.63
dc655afd-06f5-4a09-9815-2aaa3f6ec277,2023-05-22 09:07:18,7348,6,19,wind,3,187.96
91cb3b41-e79f-4dfe-9c5f-9d1336b4bd26,2022-11-29 15:34:08,5847,8,9,beautiful,3,316.6
feace862-1c74-4a91-91d1-86d6ec1916f7,2022-12-04 11:45:15,9406,2,30,fear,7,168.27
b697a82a-9ab2-4a8c-9ef6-d6c32b9dc4fb,2023-02-23 09:33:28,6019,2,37,position,1,393.56
052b3e87-e36c-49f2-9563-85aa0bc503e8,2022-10-27 23:45:49,8939,9,18,could,10,304.34
ae8066f0-e75a-4077-a70a-102ea0b637e8,2023-04-21 22:02:32,7717,2,14,travel,3,493.86
a71c3cc9-3816-4803-a7f1-dc2250c8135a,2022-12-03 15:59:46,3564,8,15,country,8,10.5
026c831a-37dd-4c53-b7b7-752f0da2b865,2023-04-08 20:00:44,3741,8,44,affect,2,78.97
2e1a09e4-a2fb-4dba-95bd-503420301e01,2023-05-11 19:10:57,8844,10,25,establish,5,31.36
dfe1782c-ea00-4c89-afe0-bdf9fc08468f,2023-02-14 06:46:23,8191,3,28,carry,5,71.67
72c35d7d-2325-46d7-885d-0d074768ca55,2023-01-27 17:28:51,1510,10,41,success,6,465.4
e2aaa334-1b74-471e-8987-b05e86a15681,2022-12-27 02:58:11,5502,1,28,week,6,474.82
4772ff3e-beb9-42cc-86b9-35bd227197cd,2023-08-18 00:58:56,2062,3,20,case,3,245.4
